customer_id,is_abuse_ring,account_created_day,device_id,address_id
0,0,26,dev_family_0,addr_family_0
1,0,11,dev_family_0,addr_family_0
2,0,39,dev_family_1,addr_family_1
3,0,38,dev_family_1,addr_family_1
4,0,49,dev_family_1,addr_family_1
5,0,43,dev_family_1,addr_family_1
6,0,45,dev_family_2,addr_family_2
7,0,5,dev_family_2,addr_family_2
8,0,19,dev_family_2,addr_family_2
9,0,28,dev_family_3,addr_family_3
10,0,40,dev_family_3,addr_family_3
11,0,59,dev_family_3,addr_family_3
12,0,53,dev_family_4,addr_family_4
13,0,29,dev_family_4,addr_family_4
14,0,40,dev_family_4,addr_family_4
15,0,55,dev_family_5,addr_family_5
16,0,39,dev_family_5,addr_family_5
17,0,28,dev_family_5,addr_family_5
18,0,3,dev_family_5,addr_family_5
19,0,44,dev_family_6,addr_family_6
20,0,0,dev_family_6,addr_family_6
21,0,34,dev_family_7,addr_family_7
22,0,28,dev_family_7,addr_family_7
23,0,28,dev_family_7,addr_family_7
24,0,55,dev_family_7,addr_family_7
25,0,31,dev_family_8,addr_family_8
26,0,45,dev_family_8,addr_family_8
27,0,10,dev_family_9,addr_family_9
28,0,17,dev_family_9,addr_family_9
29,0,3,dev_family_10,addr_family_10
30,0,37,dev_family_10,addr_family_10
31,0,2,dev_family_10,addr_family_10
32,0,52,dev_family_11,addr_family_11
33,0,54,dev_family_11,addr_family_11
34,0,25,dev_family_11,addr_family_11
35,0,35,dev_family_11,addr_family_11
36,0,6,dev_family_12,addr_family_12
37,0,49,dev_family_12,addr_family_12
38,0,46,dev_family_12,addr_family_12
39,0,30,dev_family_12,addr_family_12
40,0,28,dev_family_13,addr_family_13
41,0,0,dev_family_13,addr_family_13
42,0,20,dev_family_13,addr_family_13
43,0,42,dev_family_13,addr_family_13
44,0,3,dev_family_14,addr_family_14
45,0,45,dev_family_14,addr_family_14
46,0,14,dev_family_14,addr_family_14
47,0,34,dev_family_14,addr_family_14
48,0,45,dev_family_15,addr_family_15
49,0,47,dev_family_15,addr_family_15
50,0,46,dev_family_15,addr_family_15
51,0,16,dev_family_15,addr_family_15
52,0,8,dev_family_16,addr_family_16
53,0,5,dev_family_16,addr_family_16
54,0,33,dev_family_16,addr_family_16
55,0,19,dev_family_17,addr_family_17
56,0,0,dev_family_17,addr_family_17
57,0,33,dev_family_18,addr_family_18
58,0,22,dev_family_18,addr_family_18
59,0,55,dev_family_18,addr_family_18
60,0,7,dev_family_18,addr_family_18
61,0,5,dev_family_19,addr_family_19
62,0,21,dev_family_19,addr_family_19
63,0,5,dev_family_19,addr_family_19
64,0,22,dev_family_20,addr_family_20
65,0,34,dev_family_20,addr_family_20
66,0,27,dev_family_20,addr_family_20
67,0,9,dev_family_21,addr_family_21
68,0,0,dev_family_21,addr_family_21
69,0,38,dev_family_21,addr_family_21
70,0,18,dev_family_22,addr_family_22
71,0,53,dev_family_22,addr_family_22
72,0,14,dev_family_23,addr_family_23
73,0,32,dev_family_23,addr_family_23
74,0,42,dev_family_23,addr_family_23
75,0,27,dev_family_23,addr_family_23
76,0,0,dev_family_24,addr_family_24
77,0,35,dev_family_24,addr_family_24
78,0,59,dev_family_24,addr_family_24
79,0,29,dev_family_24,addr_family_24
80,0,46,dev_family_25,addr_family_25
81,0,23,dev_family_25,addr_family_25
82,0,8,dev_family_25,addr_family_25
83,0,45,dev_family_26,addr_family_26
84,0,49,dev_family_26,addr_family_26
85,0,31,dev_family_26,addr_family_26
86,0,1,dev_family_27,addr_family_27
87,0,7,dev_family_27,addr_family_27
88,0,47,dev_family_27,addr_family_27
89,0,51,dev_family_27,addr_family_27
90,0,45,dev_family_28,addr_family_28
91,0,56,dev_family_28,addr_family_28
92,0,30,dev_family_28,addr_family_28
93,0,27,dev_family_29,addr_family_29
94,0,48,dev_family_29,addr_family_29
95,0,9,dev_family_29,addr_family_29
96,0,37,dev_family_30,addr_family_30
97,0,11,dev_family_30,addr_family_30
98,0,58,dev_family_30,addr_family_30
99,0,39,dev_family_31,addr_family_31
100,0,36,dev_family_31,addr_family_31
101,0,30,dev_family_32,addr_family_32
102,0,43,dev_family_32,addr_family_32
103,0,11,dev_family_33,addr_family_33
104,0,52,dev_family_33,addr_family_33
105,0,42,dev_family_33,addr_family_33
106,0,21,dev_family_34,addr_family_34
107,0,12,dev_family_34,addr_family_34
108,0,50,dev_family_34,addr_family_34
109,0,16,dev_family_34,addr_family_34
110,0,0,dev_family_35,addr_family_35
111,0,12,dev_family_35,addr_family_35
112,0,26,dev_family_36,addr_family_36
113,0,13,dev_family_36,addr_family_36
114,0,9,dev_family_36,addr_family_36
115,0,52,dev_family_36,addr_family_36
116,0,15,dev_family_37,addr_family_37
117,0,56,dev_family_37,addr_family_37
118,0,44,dev_family_37,addr_family_37
119,0,7,dev_family_37,addr_family_37
120,0,18,dev_family_38,addr_family_38
121,0,45,dev_family_38,addr_family_38
122,0,59,dev_family_39,addr_family_39
123,0,30,dev_family_39,addr_family_39
124,0,10,dev_family_39,addr_family_39
125,0,45,dev_family_40,addr_family_40
126,0,31,dev_family_40,addr_family_40
127,0,3,dev_family_41,addr_family_41
128,0,50,dev_family_41,addr_family_41
129,0,48,dev_family_41,addr_family_41
130,0,6,dev_family_41,addr_family_41
131,0,34,dev_family_42,addr_family_42
132,0,11,dev_family_42,addr_family_42
133,0,11,dev_family_42,addr_family_42
134,0,15,dev_family_42,addr_family_42
135,0,8,dev_family_43,addr_family_43
136,0,22,dev_family_43,addr_family_43
137,0,14,dev_family_43,addr_family_43
138,0,47,dev_family_44,addr_family_44
139,0,11,dev_family_44,addr_family_44
140,0,26,dev_family_45,addr_family_45
141,0,18,dev_family_45,addr_family_45
142,0,24,dev_142,addr_142
143,0,49,dev_143,addr_143
144,0,12,dev_144,addr_144
145,0,46,dev_145,addr_145
146,0,25,dev_146,addr_146
147,0,58,dev_147,addr_147
148,0,17,dev_148,addr_148
149,0,53,dev_149,addr_149
150,0,5,dev_150,addr_150
151,0,15,dev_151,addr_151
152,0,59,dev_152,addr_152
153,0,55,dev_153,addr_153
154,0,42,dev_154,addr_154
155,0,0,dev_155,addr_155
156,0,10,dev_156,addr_156
157,0,19,dev_157,addr_157
158,0,34,dev_158,addr_158
159,0,1,dev_159,addr_159
160,0,45,dev_160,addr_160
161,0,8,dev_161,addr_161
162,0,44,dev_162,addr_162
163,0,35,dev_163,addr_163
164,0,23,dev_164,addr_164
165,0,20,dev_165,addr_165
166,0,6,dev_166,addr_166
167,0,37,dev_167,addr_167
168,0,26,dev_168,addr_168
169,0,14,dev_169,addr_169
170,0,29,dev_170,addr_170
171,0,21,dev_171,addr_171
172,0,2,dev_172,addr_172
173,0,56,dev_173,addr_173
174,0,27,dev_174,addr_174
175,0,49,dev_175,addr_175
176,0,53,dev_176,addr_176
177,0,6,dev_177,addr_177
178,0,51,dev_178,addr_178
179,0,49,dev_179,addr_179
180,0,23,dev_180,addr_180
181,0,26,dev_181,addr_181
182,0,10,dev_182,addr_182
183,0,41,dev_183,addr_183
184,0,15,dev_184,addr_184
185,0,16,dev_185,addr_185
186,0,2,dev_186,addr_186
187,0,18,dev_187,addr_187
188,0,18,dev_188,addr_188
189,0,54,dev_189,addr_189
190,0,1,dev_190,addr_190
191,0,31,dev_191,addr_191
192,0,47,dev_192,addr_192
193,0,22,dev_193,addr_193
194,0,7,dev_194,addr_194
195,0,13,dev_195,addr_195
196,0,43,dev_196,addr_196
197,0,9,dev_197,addr_197
198,0,10,dev_198,addr_198
199,0,17,dev_199,addr_199
200,0,19,dev_200,addr_200
201,0,43,dev_201,addr_201
202,0,9,dev_202,addr_202
203,0,35,dev_203,addr_203
204,0,28,dev_204,addr_204
205,0,18,dev_205,addr_205
206,0,26,dev_206,addr_206
207,0,20,dev_207,addr_207
208,0,27,dev_208,addr_208
209,0,40,dev_209,addr_209
210,0,43,dev_210,addr_210
211,0,0,dev_211,addr_211
212,0,35,dev_212,addr_212
213,0,27,dev_213,addr_213
214,0,30,dev_214,addr_214
215,0,11,dev_215,addr_215
216,0,6,dev_216,addr_216
217,0,41,dev_217,addr_217
218,0,39,dev_218,addr_218
219,0,16,dev_219,addr_219
220,0,0,dev_220,addr_220
221,0,34,dev_221,addr_221
222,0,21,dev_222,addr_222
223,0,26,dev_223,addr_223
224,0,18,dev_224,addr_224
225,0,31,dev_225,addr_225
226,0,17,dev_226,addr_226
227,0,0,dev_227,addr_227
228,0,31,dev_228,addr_228
229,0,26,dev_229,addr_229
230,0,20,dev_230,addr_230
231,0,59,dev_231,addr_231
232,0,52,dev_232,addr_232
233,0,37,dev_233,addr_233
234,0,41,dev_234,addr_234
235,0,45,dev_235,addr_235
236,0,40,dev_236,addr_236
237,0,36,dev_237,addr_237
238,0,58,dev_238,addr_238
239,0,30,dev_239,addr_239
240,0,54,dev_240,addr_240
241,0,14,dev_241,addr_241
242,0,36,dev_242,addr_242
243,0,50,dev_243,addr_243
244,0,1,dev_244,addr_244
245,0,56,dev_245,addr_245
246,0,28,dev_246,addr_246
247,0,47,dev_247,addr_247
248,0,5,dev_248,addr_248
249,0,2,dev_249,addr_249
250,0,24,dev_250,addr_250
251,0,1,dev_251,addr_251
252,0,52,dev_252,addr_252
253,0,16,dev_253,addr_253
254,0,37,dev_254,addr_254
255,0,9,dev_255,addr_255
256,0,3,dev_256,addr_256
257,0,59,dev_257,addr_257
258,0,26,dev_258,addr_258
259,0,0,dev_259,addr_259
260,0,28,dev_260,addr_260
261,0,42,dev_261,addr_261
262,0,48,dev_262,addr_262
263,0,16,dev_263,addr_263
264,0,5,dev_264,addr_264
265,0,25,dev_265,addr_265
266,0,20,dev_266,addr_266
267,0,34,dev_267,addr_267
268,0,3,dev_268,addr_268
269,0,50,dev_269,addr_269
270,0,20,dev_270,addr_270
271,0,15,dev_271,addr_271
272,0,26,dev_272,addr_272
273,0,15,dev_273,addr_273
274,0,52,dev_274,addr_274
275,0,16,dev_275,addr_275
276,0,54,dev_276,addr_276
277,0,52,dev_277,addr_277
278,0,47,dev_278,addr_278
279,0,22,dev_279,addr_279
280,0,41,dev_280,addr_280
281,0,9,dev_281,addr_281
282,0,27,dev_282,addr_282
283,0,40,dev_283,addr_283
284,0,26,dev_284,addr_284
285,0,9,dev_285,addr_285
286,0,38,dev_286,addr_286
287,0,1,dev_287,addr_287
288,0,58,dev_288,addr_288
289,0,15,dev_289,addr_289
290,0,26,dev_290,addr_290
291,0,54,dev_291,addr_291
292,0,3,dev_292,addr_292
293,0,7,dev_293,addr_293
294,0,35,dev_294,addr_294
295,0,43,dev_295,addr_295
296,0,13,dev_296,addr_296
297,0,39,dev_297,addr_297
298,0,28,dev_298,addr_298
299,0,30,dev_299,addr_299
300,0,48,dev_300,addr_300
301,0,29,dev_301,addr_301
302,0,39,dev_302,addr_302
303,0,58,dev_303,addr_303
304,0,26,dev_304,addr_304
305,0,13,dev_305,addr_305
306,0,27,dev_306,addr_306
307,0,44,dev_307,addr_307
308,0,13,dev_308,addr_308
309,0,44,dev_309,addr_309
310,0,42,dev_310,addr_310
311,0,42,dev_311,addr_311
312,0,46,dev_312,addr_312
313,0,39,dev_313,addr_313
314,0,19,dev_314,addr_314
315,0,9,dev_315,addr_315
316,0,2,dev_316,addr_316
317,0,49,dev_317,addr_317
318,0,48,dev_318,addr_318
319,0,2,dev_319,addr_319
320,0,44,dev_320,addr_320
321,0,4,dev_321,addr_321
322,0,36,dev_322,addr_322
323,0,1,dev_323,addr_323
324,0,23,dev_324,addr_324
325,0,4,dev_325,addr_325
326,0,34,dev_326,addr_326
327,0,43,dev_327,addr_327
328,0,50,dev_328,addr_328
329,0,25,dev_329,addr_329
330,0,39,dev_330,addr_330
331,0,55,dev_331,addr_331
332,0,42,dev_332,addr_332
333,0,47,dev_333,addr_333
334,0,31,dev_334,addr_334
335,0,48,dev_335,addr_335
336,0,9,dev_336,addr_336
337,0,55,dev_337,addr_337
338,0,11,dev_338,addr_338
339,0,28,dev_339,addr_339
340,0,45,dev_340,addr_340
341,0,26,dev_341,addr_341
342,0,46,dev_342,addr_342
343,0,59,dev_343,addr_343
344,0,32,dev_344,addr_344
345,0,58,dev_345,addr_345
346,0,28,dev_346,addr_346
347,0,44,dev_347,addr_347
348,0,52,dev_348,addr_348
349,0,55,dev_349,addr_349
350,0,34,dev_350,addr_350
351,0,15,dev_351,addr_351
352,0,52,dev_352,addr_352
353,0,20,dev_353,addr_353
354,0,34,dev_354,addr_354
355,0,55,dev_355,addr_355
356,0,11,dev_356,addr_356
357,0,27,dev_357,addr_357
358,0,26,dev_358,addr_358
359,0,35,dev_359,addr_359
360,0,26,dev_360,addr_360
361,0,16,dev_361,addr_361
362,0,8,dev_362,addr_362
363,0,7,dev_363,addr_363
364,0,39,dev_364,addr_364
365,0,26,dev_365,addr_365
366,0,30,dev_366,addr_366
367,0,55,dev_367,addr_367
368,0,39,dev_368,addr_368
369,0,53,dev_369,addr_369
370,0,38,dev_370,addr_370
371,0,49,dev_371,addr_371
372,0,31,dev_372,addr_372
373,0,11,dev_373,addr_373
374,0,57,dev_374,addr_374
375,0,17,dev_375,addr_375
376,0,52,dev_376,addr_376
377,0,13,dev_377,addr_377
378,0,34,dev_378,addr_378
379,0,17,dev_379,addr_379
380,0,9,dev_380,addr_380
381,0,47,dev_381,addr_381
382,0,21,dev_382,addr_382
383,0,52,dev_383,addr_383
384,0,4,dev_384,addr_384
385,0,39,dev_385,addr_385
386,0,49,dev_386,addr_386
387,0,19,dev_387,addr_387
388,0,4,dev_388,addr_388
389,0,8,dev_389,addr_389
390,0,38,dev_390,addr_390
391,0,48,dev_391,addr_391
392,0,36,dev_392,addr_392
393,0,18,dev_393,addr_393
394,0,32,dev_394,addr_394
395,0,53,dev_395,addr_395
396,0,44,dev_396,addr_396
397,0,12,dev_397,addr_397
398,0,26,dev_398,addr_398
399,0,46,dev_399,addr_399
400,0,0,dev_400,addr_400
401,0,10,dev_401,addr_401
402,0,29,dev_402,addr_402
403,0,20,dev_403,addr_403
404,0,4,dev_404,addr_404
405,0,55,dev_405,addr_405
406,0,38,dev_406,addr_406
407,0,52,dev_407,addr_407
408,0,23,dev_408,addr_408
409,0,19,dev_409,addr_409
410,0,53,dev_410,addr_410
411,0,2,dev_411,addr_411
412,0,58,dev_412,addr_412
413,0,58,dev_413,addr_413
414,0,13,dev_414,addr_414
415,0,43,dev_415,addr_415
416,0,38,dev_416,addr_416
417,0,33,dev_417,addr_417
418,0,2,dev_418,addr_418
419,0,58,dev_419,addr_419
420,0,14,dev_420,addr_420
421,0,57,dev_421,addr_421
422,0,15,dev_422,addr_422
423,0,43,dev_423,addr_423
424,0,25,dev_424,addr_424
425,0,55,dev_425,addr_425
426,0,42,dev_426,addr_426
427,0,34,dev_427,addr_427
428,0,37,dev_428,addr_428
429,0,7,dev_429,addr_429
430,0,17,dev_430,addr_430
431,0,1,dev_431,addr_431
432,0,7,dev_432,addr_432
433,0,29,dev_433,addr_433
434,0,15,dev_434,addr_434
435,0,7,dev_435,addr_435
436,0,14,dev_436,addr_436
437,0,30,dev_437,addr_437
438,0,47,dev_438,addr_438
439,0,35,dev_439,addr_439
440,0,38,dev_440,addr_440
441,0,30,dev_441,addr_441
442,0,27,dev_442,addr_442
443,0,50,dev_443,addr_443
444,0,56,dev_444,addr_444
445,0,51,dev_445,addr_445
446,0,42,dev_446,addr_446
447,0,16,dev_447,addr_447
448,0,54,dev_448,addr_448
449,0,35,dev_449,addr_449
450,0,59,dev_450,addr_450
451,0,2,dev_451,addr_451
452,0,1,dev_452,addr_452
453,0,20,dev_453,addr_453
454,0,22,dev_454,addr_454
455,0,35,dev_455,addr_455
456,0,21,dev_456,addr_456
457,0,49,dev_457,addr_457
458,0,39,dev_458,addr_458
459,0,37,dev_459,addr_459
460,0,38,dev_460,addr_460
461,0,14,dev_461,addr_461
462,0,19,dev_462,addr_462
463,0,7,dev_463,addr_463
464,0,43,dev_464,addr_464
465,0,43,dev_465,addr_465
466,0,30,dev_466,addr_466
467,0,46,dev_467,addr_467
468,0,53,dev_468,addr_468
469,0,45,dev_469,addr_469
470,0,15,dev_470,addr_470
471,0,39,dev_471,addr_471
472,0,7,dev_472,addr_472
473,0,22,dev_473,addr_473
474,0,3,dev_474,addr_474
475,0,12,dev_475,addr_475
476,0,4,dev_476,addr_476
477,0,49,dev_477,addr_477
478,0,34,dev_478,addr_478
479,0,16,dev_479,addr_479
480,0,18,dev_480,addr_480
481,0,19,dev_481,addr_481
482,0,31,dev_482,addr_482
483,0,32,dev_483,addr_483
484,0,13,dev_484,addr_484
485,0,36,dev_485,addr_485
486,0,37,dev_486,addr_486
487,0,36,dev_487,addr_487
488,0,19,dev_488,addr_488
489,0,23,dev_489,addr_489
490,0,43,dev_490,addr_490
491,0,32,dev_491,addr_491
492,0,4,dev_492,addr_492
493,0,53,dev_493,addr_493
494,0,52,dev_494,addr_494
495,0,7,dev_495,addr_495
496,0,12,dev_496,addr_496
497,0,39,dev_497,addr_497
498,0,11,dev_498,addr_498
499,0,38,dev_499,addr_499
500,0,23,dev_500,addr_500
501,0,43,dev_501,addr_501
502,0,11,dev_502,addr_502
503,0,41,dev_503,addr_503
504,0,34,dev_504,addr_504
505,0,7,dev_505,addr_505
506,0,0,dev_506,addr_506
507,0,1,dev_507,addr_507
508,0,17,dev_508,addr_508
509,0,2,dev_509,addr_509
510,0,5,dev_510,addr_510
511,0,49,dev_511,addr_511
512,0,12,dev_512,addr_512
513,0,15,dev_513,addr_513
514,0,24,dev_514,addr_514
515,0,57,dev_515,addr_515
516,0,1,dev_516,addr_516
517,0,45,dev_517,addr_517
518,0,37,dev_518,addr_518
519,0,47,dev_519,addr_519
520,0,56,dev_520,addr_520
521,0,41,dev_521,addr_521
522,0,10,dev_522,addr_522
523,0,36,dev_523,addr_523
524,0,5,dev_524,addr_524
525,0,2,dev_525,addr_525
526,0,51,dev_526,addr_526
527,0,27,dev_527,addr_527
528,0,8,dev_528,addr_528
529,0,23,dev_529,addr_529
530,0,40,dev_530,addr_530
531,0,13,dev_531,addr_531
532,0,17,dev_532,addr_532
533,0,56,dev_533,addr_533
534,0,41,dev_534,addr_534
535,0,21,dev_535,addr_535
536,0,21,dev_536,addr_536
537,0,51,dev_537,addr_537
538,0,42,dev_538,addr_538
539,0,14,dev_539,addr_539
540,0,59,dev_540,addr_540
541,0,2,dev_541,addr_541
542,0,36,dev_542,addr_542
543,0,2,dev_543,addr_543
544,0,36,dev_544,addr_544
545,0,58,dev_545,addr_545
546,0,41,dev_546,addr_546
547,0,58,dev_547,addr_547
548,0,18,dev_548,addr_548
549,0,39,dev_549,addr_549
550,0,36,dev_550,addr_550
551,0,57,dev_551,addr_551
552,0,26,dev_552,addr_552
553,0,47,dev_553,addr_553
554,0,27,dev_554,addr_554
555,0,12,dev_555,addr_555
556,0,20,dev_556,addr_556
557,0,42,dev_557,addr_557
558,0,23,dev_558,addr_558
559,0,4,dev_559,addr_559
560,0,35,dev_560,addr_560
561,0,31,dev_561,addr_561
562,0,56,dev_562,addr_562
563,0,47,dev_563,addr_563
564,0,55,dev_564,addr_564
565,0,49,dev_565,addr_565
566,0,21,dev_566,addr_566
567,0,52,dev_567,addr_567
568,0,33,dev_568,addr_568
569,0,49,dev_569,addr_569
570,0,56,dev_570,addr_570
571,0,54,dev_571,addr_571
572,0,38,dev_572,addr_572
573,0,52,dev_573,addr_573
574,0,51,dev_574,addr_574
575,0,25,dev_575,addr_575
576,0,57,dev_576,addr_576
577,0,31,dev_577,addr_577
578,0,58,dev_578,addr_578
579,0,20,dev_579,addr_579
580,0,22,dev_580,addr_580
581,0,13,dev_581,addr_581
582,0,33,dev_582,addr_582
583,0,28,dev_583,addr_583
584,0,48,dev_584,addr_584
585,0,51,dev_585,addr_585
586,0,37,dev_586,addr_586
587,0,4,dev_587,addr_587
588,0,49,dev_588,addr_588
589,0,8,dev_589,addr_589
590,0,24,dev_590,addr_590
591,0,10,dev_591,addr_591
592,0,47,dev_592,addr_592
593,0,54,dev_593,addr_593
594,0,44,dev_594,addr_594
595,0,20,dev_595,addr_595
596,0,23,dev_596,addr_596
597,0,58,dev_597,addr_597
598,0,22,dev_598,addr_598
599,0,4,dev_599,addr_599
600,0,52,dev_600,addr_600
601,0,0,dev_601,addr_601
602,0,50,dev_602,addr_602
603,0,18,dev_603,addr_603
604,0,50,dev_604,addr_604
605,0,21,dev_605,addr_605
606,0,21,dev_606,addr_606
607,0,5,dev_607,addr_607
608,0,42,dev_608,addr_608
609,0,36,dev_609,addr_609
610,0,40,dev_610,addr_610
611,0,28,dev_611,addr_611
612,0,23,dev_612,addr_612
613,0,9,dev_613,addr_613
614,0,36,dev_614,addr_614
615,0,32,dev_615,addr_615
616,0,42,dev_616,addr_616
617,0,59,dev_617,addr_617
618,0,18,dev_618,addr_618
619,0,46,dev_619,addr_619
620,0,10,dev_620,addr_620
621,0,6,dev_621,addr_621
622,0,45,dev_622,addr_622
623,0,8,dev_623,addr_623
624,0,36,dev_624,addr_624
625,0,46,dev_625,addr_625
626,0,42,dev_626,addr_626
627,0,28,dev_627,addr_627
628,0,38,dev_628,addr_628
629,0,57,dev_629,addr_629
630,0,54,dev_630,addr_630
631,0,14,dev_631,addr_631
632,0,12,dev_632,addr_632
633,0,45,dev_633,addr_633
634,0,43,dev_634,addr_634
635,0,48,dev_635,addr_635
636,0,48,dev_636,addr_636
637,0,42,dev_637,addr_637
638,0,44,dev_638,addr_638
639,0,19,dev_639,addr_639
640,0,43,dev_640,addr_640
641,0,9,dev_641,addr_641
642,0,55,dev_642,addr_642
643,0,10,dev_643,addr_643
644,0,40,dev_644,addr_644
645,0,24,dev_645,addr_645
646,0,54,dev_646,addr_646
647,0,25,dev_647,addr_647
648,0,35,dev_648,addr_648
649,0,17,dev_649,addr_649
650,0,17,dev_650,addr_650
651,0,39,dev_651,addr_651
652,0,50,dev_652,addr_652
653,0,12,dev_653,addr_653
654,0,10,dev_654,addr_654
655,0,3,dev_655,addr_655
656,0,35,dev_656,addr_656
657,0,12,dev_657,addr_657
658,0,20,dev_658,addr_658
659,0,47,dev_659,addr_659
660,0,14,dev_660,addr_660
661,0,19,dev_661,addr_661
662,0,35,dev_662,addr_662
663,0,38,dev_663,addr_663
664,0,39,dev_664,addr_664
665,0,7,dev_665,addr_665
666,0,18,dev_666,addr_666
667,0,0,dev_667,addr_667
668,0,38,dev_668,addr_668
669,0,57,dev_669,addr_669
670,0,18,dev_670,addr_670
671,0,56,dev_671,addr_671
672,0,18,dev_672,addr_672
673,0,48,dev_673,addr_673
674,0,58,dev_674,addr_674
675,0,31,dev_675,addr_675
676,0,9,dev_676,addr_676
677,0,57,dev_677,addr_677
678,0,2,dev_678,addr_678
679,0,7,dev_679,addr_679
680,0,53,dev_680,addr_680
681,0,26,dev_681,addr_681
682,0,54,dev_682,addr_682
683,0,43,dev_683,addr_683
684,0,47,dev_684,addr_684
685,0,30,dev_685,addr_685
686,0,2,dev_686,addr_686
687,0,25,dev_687,addr_687
688,0,33,dev_688,addr_688
689,0,55,dev_689,addr_689
690,0,14,dev_690,addr_690
691,0,47,dev_691,addr_691
692,0,51,dev_692,addr_692
693,0,59,dev_693,addr_693
694,0,45,dev_694,addr_694
695,0,41,dev_695,addr_695
696,0,31,dev_696,addr_696
697,0,40,dev_697,addr_697
698,0,14,dev_698,addr_698
699,0,8,dev_699,addr_699
700,0,7,dev_700,addr_700
701,0,15,dev_701,addr_701
702,0,17,dev_702,addr_702
703,0,19,dev_703,addr_703
704,0,15,dev_704,addr_704
705,0,4,dev_705,addr_705
706,0,17,dev_706,addr_706
707,0,20,dev_707,addr_707
708,0,57,dev_708,addr_708
709,0,26,dev_709,addr_709
710,0,3,dev_710,addr_710
711,0,57,dev_711,addr_711
712,0,13,dev_712,addr_712
713,0,28,dev_713,addr_713
714,0,53,dev_714,addr_714
715,0,59,dev_715,addr_715
716,0,45,dev_716,addr_716
717,0,41,dev_717,addr_717
718,0,35,dev_718,addr_718
719,0,59,dev_719,addr_719
720,0,1,dev_720,addr_720
721,0,11,dev_721,addr_721
722,0,6,dev_722,addr_722
723,0,11,dev_723,addr_723
724,0,56,dev_724,addr_724
725,0,57,dev_725,addr_725
726,0,7,dev_726,addr_726
727,0,13,dev_727,addr_727
728,0,46,dev_728,addr_728
729,0,43,dev_729,addr_729
730,0,19,dev_730,addr_730
731,0,9,dev_731,addr_731
732,0,15,dev_732,addr_732
733,0,32,dev_733,addr_733
734,0,46,dev_734,addr_734
735,0,13,dev_735,addr_735
736,0,55,dev_736,addr_736
737,0,25,dev_737,addr_737
738,0,6,dev_738,addr_738
739,0,3,dev_739,addr_739
740,0,38,dev_740,addr_740
741,0,17,dev_741,addr_741
742,0,12,dev_742,addr_742
743,0,35,dev_743,addr_743
744,0,25,dev_744,addr_744
745,0,30,dev_745,addr_745
746,0,51,dev_746,addr_746
747,0,38,dev_747,addr_747
748,0,8,dev_748,addr_748
749,0,26,dev_749,addr_749
750,0,29,dev_750,addr_750
751,0,43,dev_751,addr_751
752,0,8,dev_752,addr_752
753,0,21,dev_753,addr_753
754,0,10,dev_754,addr_754
755,0,20,dev_755,addr_755
756,0,2,dev_756,addr_756
757,0,30,dev_757,addr_757
758,0,31,dev_758,addr_758
759,0,48,dev_759,addr_759
760,0,35,dev_760,addr_760
761,0,17,dev_761,addr_761
762,0,56,dev_762,addr_762
763,0,50,dev_763,addr_763
764,0,37,dev_764,addr_764
765,0,3,dev_765,addr_765
766,0,52,dev_766,addr_766
767,0,28,dev_767,addr_767
768,0,1,dev_768,addr_768
769,0,31,dev_769,addr_769
770,0,24,dev_770,addr_770
771,0,43,dev_771,addr_771
772,0,21,dev_772,addr_772
773,0,39,dev_773,addr_773
774,0,50,dev_774,addr_774
775,0,13,dev_775,addr_775
776,0,59,dev_776,addr_776
777,0,46,dev_777,addr_777
778,0,4,dev_778,addr_778
779,0,12,dev_779,addr_779
780,0,35,dev_780,addr_780
781,0,1,dev_781,addr_781
782,0,30,dev_782,addr_782
783,0,30,dev_783,addr_783
784,0,37,dev_784,addr_784
785,0,4,dev_785,addr_785
786,0,16,dev_786,addr_786
787,0,22,dev_787,addr_787
788,0,25,dev_788,addr_788
789,0,4,dev_789,addr_789
790,0,42,dev_790,addr_790
791,0,47,dev_791,addr_791
792,0,26,dev_792,addr_792
793,0,51,dev_793,addr_793
794,0,50,dev_794,addr_794
795,0,2,dev_795,addr_795
796,0,17,dev_796,addr_796
797,0,59,dev_797,addr_797
798,0,38,dev_798,addr_798
799,0,45,dev_799,addr_799
800,0,19,dev_800,addr_800
801,0,31,dev_801,addr_801
802,0,48,dev_802,addr_802
803,0,4,dev_803,addr_803
804,0,56,dev_804,addr_804
805,0,35,dev_805,addr_805
806,0,55,dev_806,addr_806
807,0,33,dev_807,addr_807
808,0,7,dev_808,addr_808
809,0,36,dev_809,addr_809
810,0,37,dev_810,addr_810
811,0,17,dev_811,addr_811
812,0,3,dev_812,addr_812
813,0,26,dev_813,addr_813
814,0,6,dev_814,addr_814
815,0,23,dev_815,addr_815
816,0,16,dev_816,addr_816
817,0,51,dev_817,addr_817
818,0,59,dev_818,addr_818
819,0,48,dev_819,addr_819
820,0,50,dev_820,addr_820
821,0,55,dev_821,addr_821
822,0,57,dev_822,addr_822
823,0,59,dev_823,addr_823
824,0,10,dev_824,addr_824
825,0,30,dev_825,addr_825
826,0,55,dev_826,addr_826
827,0,13,dev_827,addr_827
828,0,52,dev_828,addr_828
829,0,22,dev_829,addr_829
830,0,31,dev_830,addr_830
831,0,19,dev_831,addr_831
832,0,30,dev_832,addr_832
833,0,9,dev_833,addr_833
834,0,41,dev_834,addr_834
835,0,3,dev_835,addr_835
836,0,57,dev_836,addr_836
837,0,29,dev_837,addr_837
838,0,43,dev_838,addr_838
839,0,11,dev_839,addr_839
840,0,45,dev_840,addr_840
841,0,55,dev_841,addr_841
842,0,16,dev_842,addr_842
843,0,9,dev_843,addr_843
844,0,24,dev_844,addr_844
845,0,36,dev_845,addr_845
846,0,42,dev_846,addr_846
847,0,8,dev_847,addr_847
848,0,35,dev_848,addr_848
849,0,8,dev_849,addr_849
850,0,30,dev_850,addr_850
851,0,48,dev_851,addr_851
852,0,26,dev_852,addr_852
853,0,24,dev_853,addr_853
854,0,54,dev_854,addr_854
855,0,37,dev_855,addr_855
856,0,28,dev_856,addr_856
857,0,58,dev_857,addr_857
858,0,12,dev_858,addr_858
859,0,38,dev_859,addr_859
860,0,30,dev_860,addr_860
861,0,4,dev_861,addr_861
862,0,43,dev_862,addr_862
863,0,45,dev_863,addr_863
864,0,33,dev_864,addr_864
865,0,7,dev_865,addr_865
866,0,38,dev_866,addr_866
867,0,7,dev_867,addr_867
868,0,21,dev_868,addr_868
869,0,50,dev_869,addr_869
870,0,37,dev_870,addr_870
871,0,32,dev_871,addr_871
872,0,35,dev_872,addr_872
873,0,18,dev_873,addr_873
874,0,55,dev_874,addr_874
875,0,1,dev_875,addr_875
876,0,56,dev_876,addr_876
877,0,8,dev_877,addr_877
878,0,45,dev_878,addr_878
879,0,32,dev_879,addr_879
880,0,51,dev_880,addr_880
881,0,56,dev_881,addr_881
882,0,33,dev_882,addr_882
883,0,39,dev_883,addr_883
884,0,3,dev_884,addr_884
885,0,3,dev_885,addr_885
886,0,11,dev_886,addr_886
887,0,1,dev_887,addr_887
888,0,48,dev_888,addr_888
889,0,12,dev_889,addr_889
890,0,37,dev_890,addr_890
891,0,33,dev_891,addr_891
892,0,20,dev_892,addr_892
893,0,0,dev_893,addr_893
894,0,36,dev_894,addr_894
895,0,39,dev_895,addr_895
896,0,8,dev_896,addr_896
897,0,2,dev_897,addr_897
898,0,55,dev_898,addr_898
899,0,2,dev_899,addr_899
900,0,3,dev_900,addr_900
901,0,18,dev_901,addr_901
902,0,7,dev_902,addr_902
903,0,8,dev_903,addr_903
904,0,56,dev_904,addr_904
905,0,28,dev_905,addr_905
906,0,39,dev_906,addr_906
907,0,9,dev_907,addr_907
908,0,27,dev_908,addr_908
909,0,17,dev_909,addr_909
910,0,50,dev_910,addr_910
911,0,27,dev_911,addr_911
912,0,15,dev_912,addr_912
913,0,6,dev_913,addr_913
914,0,3,dev_914,addr_914
915,0,37,dev_915,addr_915
916,0,55,dev_916,addr_916
917,0,36,dev_917,addr_917
918,0,45,dev_918,addr_918
919,0,36,dev_919,addr_919
920,0,7,dev_920,addr_920
921,0,41,dev_921,addr_921
922,0,5,dev_922,addr_922
923,0,21,dev_923,addr_923
924,0,39,dev_924,addr_924
925,0,38,dev_925,addr_925
926,0,1,dev_926,addr_926
927,0,34,dev_927,addr_927
928,0,14,dev_928,addr_928
929,0,2,dev_929,addr_929
930,0,2,dev_930,addr_930
931,0,13,dev_931,addr_931
932,0,34,dev_932,addr_932
933,0,50,dev_933,addr_933
934,0,28,dev_934,addr_934
935,0,22,dev_935,addr_935
936,0,56,dev_936,addr_936
937,0,57,dev_937,addr_937
938,0,31,dev_938,addr_938
939,0,11,dev_939,addr_939
940,0,15,dev_940,addr_940
941,0,16,dev_941,addr_941
942,0,1,dev_942,addr_942
943,0,58,dev_943,addr_943
944,0,39,dev_944,addr_944
945,0,22,dev_945,addr_945
946,0,3,dev_946,addr_946
947,0,17,dev_947,addr_947
948,0,28,dev_948,addr_948
949,0,41,dev_949,addr_949
950,0,38,dev_950,addr_950
951,0,24,dev_951,addr_951
952,0,32,dev_952,addr_952
953,0,27,dev_953,addr_953
954,0,32,dev_954,addr_954
955,0,57,dev_955,addr_955
956,0,19,dev_956,addr_956
957,0,48,dev_957,addr_957
958,0,54,dev_958,addr_958
959,0,20,dev_959,addr_959
960,0,14,dev_960,addr_960
961,0,23,dev_961,addr_961
962,0,7,dev_962,addr_962
963,0,0,dev_963,addr_963
964,0,11,dev_964,addr_964
965,0,32,dev_965,addr_965
966,0,35,dev_966,addr_966
967,0,16,dev_967,addr_967
968,0,48,dev_968,addr_968
969,0,20,dev_969,addr_969
970,0,15,dev_970,addr_970
971,0,1,dev_971,addr_971
972,0,15,dev_972,addr_972
973,0,28,dev_973,addr_973
974,0,42,dev_974,addr_974
975,0,3,dev_975,addr_975
976,0,20,dev_976,addr_976
977,0,7,dev_977,addr_977
978,0,31,dev_978,addr_978
979,0,39,dev_979,addr_979
980,0,20,dev_980,addr_980
981,0,44,dev_981,addr_981
982,0,43,dev_982,addr_982
983,0,26,dev_983,addr_983
984,0,30,dev_984,addr_984
985,0,19,dev_985,addr_985
986,0,50,dev_986,addr_986
987,0,11,dev_987,addr_987
988,0,19,dev_988,addr_988
989,0,25,dev_989,addr_989
990,0,49,dev_990,addr_990
991,0,40,dev_991,addr_991
992,0,59,dev_992,addr_992
993,0,53,dev_993,addr_993
994,0,12,dev_994,addr_994
995,0,22,dev_995,addr_995
996,0,23,dev_996,addr_996
997,0,10,dev_997,addr_997
998,0,51,dev_998,addr_998
999,0,30,dev_999,addr_999
1000,0,49,dev_1000,addr_1000
1001,0,38,dev_1001,addr_1001
1002,0,28,dev_1002,addr_1002
1003,0,26,dev_1003,addr_1003
1004,0,12,dev_1004,addr_1004
1005,0,52,dev_1005,addr_1005
1006,0,47,dev_1006,addr_1006
1007,0,43,dev_1007,addr_1007
1008,0,18,dev_1008,addr_1008
1009,0,51,dev_1009,addr_1009
1010,0,5,dev_1010,addr_1010
1011,0,46,dev_1011,addr_1011
1012,0,49,dev_1012,addr_1012
1013,0,50,dev_1013,addr_1013
1014,0,16,dev_1014,addr_1014
1015,0,45,dev_1015,addr_1015
1016,0,20,dev_1016,addr_1016
1017,0,12,dev_1017,addr_1017
1018,0,42,dev_1018,addr_1018
1019,0,2,dev_1019,addr_1019
1020,0,37,dev_1020,addr_1020
1021,0,44,dev_1021,addr_1021
1022,0,57,dev_1022,addr_1022
1023,0,12,dev_1023,addr_1023
1024,0,6,dev_1024,addr_1024
1025,0,51,dev_1025,addr_1025
1026,0,40,dev_1026,addr_1026
1027,0,7,dev_1027,addr_1027
1028,0,51,dev_1028,addr_1028
1029,0,18,dev_1029,addr_1029
1030,0,12,dev_1030,addr_1030
1031,0,18,dev_1031,addr_1031
1032,0,32,dev_1032,addr_1032
1033,0,18,dev_1033,addr_1033
1034,0,8,dev_1034,addr_1034
1035,0,30,dev_1035,addr_1035
1036,0,36,dev_1036,addr_1036
1037,0,8,dev_1037,addr_1037
1038,0,20,dev_1038,addr_1038
1039,0,11,dev_1039,addr_1039
1040,0,7,dev_1040,addr_1040
1041,0,18,dev_1041,addr_1041
1042,0,34,dev_1042,addr_1042
1043,0,47,dev_1043,addr_1043
1044,0,40,dev_1044,addr_1044
1045,0,39,dev_1045,addr_1045
1046,0,37,dev_1046,addr_1046
1047,0,16,dev_1047,addr_1047
1048,0,33,dev_1048,addr_1048
1049,0,18,dev_1049,addr_1049
1050,0,38,dev_1050,addr_1050
1051,0,20,dev_1051,addr_1051
1052,0,44,dev_1052,addr_1052
1053,0,52,dev_1053,addr_1053
1054,0,6,dev_1054,addr_1054
1055,0,29,dev_1055,addr_1055
1056,0,51,dev_1056,addr_1056
1057,0,2,dev_1057,addr_1057
1058,0,30,dev_1058,addr_1058
1059,0,16,dev_1059,addr_1059
1060,0,29,dev_1060,addr_1060
1061,0,43,dev_1061,addr_1061
1062,0,57,dev_1062,addr_1062
1063,0,41,dev_1063,addr_1063
1064,0,29,dev_1064,addr_1064
1065,0,52,dev_1065,addr_1065
1066,0,5,dev_1066,addr_1066
1067,0,7,dev_1067,addr_1067
1068,0,19,dev_1068,addr_1068
1069,0,40,dev_1069,addr_1069
1070,0,4,dev_1070,addr_1070
1071,0,10,dev_1071,addr_1071
1072,0,29,dev_1072,addr_1072
1073,0,45,dev_1073,addr_1073
1074,0,59,dev_1074,addr_1074
1075,0,20,dev_1075,addr_1075
1076,0,26,dev_1076,addr_1076
1077,0,56,dev_1077,addr_1077
1078,0,33,dev_1078,addr_1078
1079,0,4,dev_1079,addr_1079
1080,0,20,dev_1080,addr_1080
1081,0,38,dev_1081,addr_1081
1082,0,35,dev_1082,addr_1082
1083,0,55,dev_1083,addr_1083
1084,0,38,dev_1084,addr_1084
1085,0,5,dev_1085,addr_1085
1086,0,38,dev_1086,addr_1086
1087,0,12,dev_1087,addr_1087
1088,0,34,dev_1088,addr_1088
1089,0,30,dev_1089,addr_1089
1090,0,15,dev_1090,addr_1090
1091,0,2,dev_1091,addr_1091
1092,0,59,dev_1092,addr_1092
1093,0,31,dev_1093,addr_1093
1094,0,26,dev_1094,addr_1094
1095,0,37,dev_1095,addr_1095
1096,0,10,dev_1096,addr_1096
1097,0,3,dev_1097,addr_1097
1098,0,16,dev_1098,addr_1098
1099,0,54,dev_1099,addr_1099
1100,0,34,dev_1100,addr_1100
1101,0,40,dev_1101,addr_1101
1102,0,17,dev_1102,addr_1102
1103,0,44,dev_1103,addr_1103
1104,0,52,dev_1104,addr_1104
1105,0,21,dev_1105,addr_1105
1106,0,47,dev_1106,addr_1106
1107,0,35,dev_1107,addr_1107
1108,0,17,dev_1108,addr_1108
1109,0,18,dev_1109,addr_1109
1110,0,54,dev_1110,addr_1110
1111,0,50,dev_1111,addr_1111
1112,0,14,dev_1112,addr_1112
1113,0,19,dev_1113,addr_1113
1114,0,8,dev_1114,addr_1114
1115,0,24,dev_1115,addr_1115
1116,0,27,dev_1116,addr_1116
1117,0,16,dev_1117,addr_1117
1118,0,55,dev_1118,addr_1118
1119,0,31,dev_1119,addr_1119
1120,0,6,dev_1120,addr_1120
1121,0,34,dev_1121,addr_1121
1122,0,48,dev_1122,addr_1122
1123,0,48,dev_1123,addr_1123
1124,0,23,dev_1124,addr_1124
1125,0,37,dev_1125,addr_1125
1126,0,46,dev_1126,addr_1126
1127,0,40,dev_1127,addr_1127
1128,0,53,dev_1128,addr_1128
1129,0,12,dev_1129,addr_1129
1130,0,22,dev_1130,addr_1130
1131,0,56,dev_1131,addr_1131
1132,0,38,dev_1132,addr_1132
1133,0,43,dev_1133,addr_1133
1134,0,32,dev_1134,addr_1134
1135,0,35,dev_1135,addr_1135
1136,0,30,dev_1136,addr_1136
1137,0,24,dev_1137,addr_1137
1138,0,13,dev_1138,addr_1138
1139,0,59,dev_1139,addr_1139
1140,0,14,dev_1140,addr_1140
1141,0,56,dev_1141,addr_1141
1142,0,6,dev_1142,addr_1142
1143,0,43,dev_1143,addr_1143
1144,0,28,dev_1144,addr_1144
1145,0,59,dev_1145,addr_1145
1146,0,41,dev_1146,addr_1146
1147,0,30,dev_1147,addr_1147
1148,0,24,dev_1148,addr_1148
1149,0,59,dev_1149,addr_1149
1150,0,14,dev_1150,addr_1150
1151,0,52,dev_1151,addr_1151
1152,0,24,dev_1152,addr_1152
1153,0,21,dev_1153,addr_1153
1154,0,0,dev_1154,addr_1154
1155,0,10,dev_1155,addr_1155
1156,0,37,dev_1156,addr_1156
1157,0,7,dev_1157,addr_1157
1158,0,34,dev_1158,addr_1158
1159,0,16,dev_1159,addr_1159
1160,0,24,dev_1160,addr_1160
1161,0,26,dev_1161,addr_1161
1162,0,50,dev_1162,addr_1162
1163,0,57,dev_1163,addr_1163
1164,0,18,dev_1164,addr_1164
1165,0,19,dev_1165,addr_1165
1166,0,48,dev_1166,addr_1166
1167,0,21,dev_1167,addr_1167
1168,0,31,dev_1168,addr_1168
1169,0,55,dev_1169,addr_1169
1170,0,12,dev_1170,addr_1170
1171,0,50,dev_1171,addr_1171
1172,0,32,dev_1172,addr_1172
1173,0,9,dev_1173,addr_1173
1174,0,5,dev_1174,addr_1174
1175,0,50,dev_1175,addr_1175
1176,0,33,dev_1176,addr_1176
1177,0,32,dev_1177,addr_1177
1178,0,24,dev_1178,addr_1178
1179,0,48,dev_1179,addr_1179
1180,0,8,dev_1180,addr_1180
1181,0,20,dev_1181,addr_1181
1182,0,36,dev_1182,addr_1182
1183,0,39,dev_1183,addr_1183
1184,0,40,dev_1184,addr_1184
1185,0,1,dev_1185,addr_1185
1186,0,27,dev_1186,addr_1186
1187,0,28,dev_1187,addr_1187
1188,0,18,dev_1188,addr_1188
1189,0,17,dev_1189,addr_1189
1190,0,30,dev_1190,addr_1190
1191,0,41,dev_1191,addr_1191
1192,0,33,dev_1192,addr_1192
1193,0,13,dev_1193,addr_1193
1194,0,30,dev_1194,addr_1194
1195,0,32,dev_1195,addr_1195
1196,0,10,dev_1196,addr_1196
1197,0,28,dev_1197,addr_1197
1198,0,20,dev_1198,addr_1198
1199,0,9,dev_1199,addr_1199
1200,0,59,dev_1200,addr_1200
1201,0,18,dev_1201,addr_1201
1202,0,51,dev_1202,addr_1202
1203,0,7,dev_1203,addr_1203
1204,0,56,dev_1204,addr_1204
1205,0,10,dev_1205,addr_1205
1206,0,57,dev_1206,addr_1206
1207,0,40,dev_1207,addr_1207
1208,0,15,dev_1208,addr_1208
1209,0,12,dev_1209,addr_1209
1210,0,52,dev_1210,addr_1210
1211,0,21,dev_1211,addr_1211
1212,0,57,dev_1212,addr_1212
1213,0,23,dev_1213,addr_1213
1214,0,3,dev_1214,addr_1214
1215,0,27,dev_1215,addr_1215
1216,0,11,dev_1216,addr_1216
1217,0,38,dev_1217,addr_1217
1218,0,47,dev_1218,addr_1218
1219,0,43,dev_1219,addr_1219
1220,0,52,dev_1220,addr_1220
1221,0,0,dev_1221,addr_1221
1222,0,47,dev_1222,addr_1222
1223,0,35,dev_1223,addr_1223
1224,0,29,dev_1224,addr_1224
1225,0,1,dev_1225,addr_1225
1226,0,31,dev_1226,addr_1226
1227,0,40,dev_1227,addr_1227
1228,0,18,dev_1228,addr_1228
1229,0,55,dev_1229,addr_1229
1230,0,0,dev_1230,addr_1230
1231,0,32,dev_1231,addr_1231
1232,0,11,dev_1232,addr_1232
1233,0,15,dev_1233,addr_1233
1234,0,17,dev_1234,addr_1234
1235,0,39,dev_1235,addr_1235
1236,0,55,dev_1236,addr_1236
1237,0,52,dev_1237,addr_1237
1238,0,9,dev_1238,addr_1238
1239,0,43,dev_1239,addr_1239
1240,0,37,dev_1240,addr_1240
1241,0,5,dev_1241,addr_1241
1242,0,21,dev_1242,addr_1242
1243,0,20,dev_1243,addr_1243
1244,0,25,dev_1244,addr_1244
1245,0,47,dev_1245,addr_1245
1246,0,53,dev_1246,addr_1246
1247,0,16,dev_1247,addr_1247
1248,0,37,dev_1248,addr_1248
1249,0,44,dev_1249,addr_1249
1250,0,29,dev_1250,addr_1250
1251,0,24,dev_1251,addr_1251
1252,0,39,dev_1252,addr_1252
1253,0,26,dev_1253,addr_1253
1254,0,17,dev_1254,addr_1254
1255,0,4,dev_1255,addr_1255
1256,0,43,dev_1256,addr_1256
1257,0,29,dev_1257,addr_1257
1258,0,15,dev_1258,addr_1258
1259,0,35,dev_1259,addr_1259
1260,0,7,dev_1260,addr_1260
1261,0,42,dev_1261,addr_1261
1262,0,4,dev_1262,addr_1262
1263,0,7,dev_1263,addr_1263
1264,0,26,dev_1264,addr_1264
1265,0,2,dev_1265,addr_1265
1266,0,40,dev_1266,addr_1266
1267,0,29,dev_1267,addr_1267
1268,0,11,dev_1268,addr_1268
1269,0,52,dev_1269,addr_1269
1270,0,35,dev_1270,addr_1270
1271,0,49,dev_1271,addr_1271
1272,0,0,dev_1272,addr_1272
1273,0,41,dev_1273,addr_1273
1274,0,50,dev_1274,addr_1274
1275,0,52,dev_1275,addr_1275
1276,0,15,dev_1276,addr_1276
1277,0,16,dev_1277,addr_1277
1278,0,52,dev_1278,addr_1278
1279,0,40,dev_1279,addr_1279
1280,0,53,dev_1280,addr_1280
1281,0,40,dev_1281,addr_1281
1282,0,22,dev_1282,addr_1282
1283,0,34,dev_1283,addr_1283
1284,0,40,dev_1284,addr_1284
1285,0,15,dev_1285,addr_1285
1286,0,27,dev_1286,addr_1286
1287,0,7,dev_1287,addr_1287
1288,0,4,dev_1288,addr_1288
1289,0,48,dev_1289,addr_1289
1290,0,42,dev_1290,addr_1290
1291,0,13,dev_1291,addr_1291
1292,0,35,dev_1292,addr_1292
1293,0,27,dev_1293,addr_1293
1294,0,32,dev_1294,addr_1294
1295,0,44,dev_1295,addr_1295
1296,0,9,dev_1296,addr_1296
1297,0,34,dev_1297,addr_1297
1298,0,10,dev_1298,addr_1298
1299,0,41,dev_1299,addr_1299
1300,0,39,dev_1300,addr_1300
1301,0,6,dev_1301,addr_1301
1302,0,0,dev_1302,addr_1302
1303,0,4,dev_1303,addr_1303
1304,0,4,dev_1304,addr_1304
1305,0,28,dev_1305,addr_1305
1306,0,8,dev_1306,addr_1306
1307,0,34,dev_1307,addr_1307
1308,0,31,dev_1308,addr_1308
1309,0,29,dev_1309,addr_1309
1310,0,6,dev_1310,addr_1310
1311,0,51,dev_1311,addr_1311
1312,0,32,dev_1312,addr_1312
1313,0,54,dev_1313,addr_1313
1314,0,51,dev_1314,addr_1314
1315,0,27,dev_1315,addr_1315
1316,0,26,dev_1316,addr_1316
1317,0,47,dev_1317,addr_1317
1318,0,0,dev_1318,addr_1318
1319,0,54,dev_1319,addr_1319
1320,0,1,dev_1320,addr_1320
1321,0,26,dev_1321,addr_1321
1322,0,8,dev_1322,addr_1322
1323,0,36,dev_1323,addr_1323
1324,0,41,dev_1324,addr_1324
1325,0,38,dev_1325,addr_1325
1326,0,6,dev_1326,addr_1326
1327,0,55,dev_1327,addr_1327
1328,0,29,dev_1328,addr_1328
1329,0,59,dev_1329,addr_1329
1330,0,14,dev_1330,addr_1330
1331,0,49,dev_1331,addr_1331
1332,0,33,dev_1332,addr_1332
1333,0,21,dev_1333,addr_1333
1334,0,54,dev_1334,addr_1334
1335,0,0,dev_1335,addr_1335
1336,0,26,dev_1336,addr_1336
1337,0,51,dev_1337,addr_1337
1338,0,13,dev_1338,addr_1338
1339,0,9,dev_1339,addr_1339
1340,0,38,dev_1340,addr_1340
1341,0,8,dev_1341,addr_1341
1342,0,38,dev_1342,addr_1342
1343,0,38,dev_1343,addr_1343
1344,0,21,dev_1344,addr_1344
1345,0,54,dev_1345,addr_1345
1346,0,0,dev_1346,addr_1346
1347,0,28,dev_1347,addr_1347
1348,0,48,dev_1348,addr_1348
1349,0,12,dev_1349,addr_1349
1350,0,17,dev_1350,addr_1350
1351,0,46,dev_1351,addr_1351
1352,0,59,dev_1352,addr_1352
1353,0,26,dev_1353,addr_1353
1354,0,15,dev_1354,addr_1354
1355,0,20,dev_1355,addr_1355
1356,0,36,dev_1356,addr_1356
1357,0,34,dev_1357,addr_1357
1358,0,24,dev_1358,addr_1358
1359,0,14,dev_1359,addr_1359
1360,0,54,dev_1360,addr_1360
1361,0,13,dev_1361,addr_1361
1362,0,40,dev_1362,addr_1362
1363,0,6,dev_1363,addr_1363
1364,0,23,dev_1364,addr_1364
1365,0,24,dev_1365,addr_1365
1366,0,24,dev_1366,addr_1366
1367,0,44,dev_1367,addr_1367
1368,0,4,dev_1368,addr_1368
1369,0,33,dev_1369,addr_1369
1370,0,40,dev_1370,addr_1370
1371,0,36,dev_1371,addr_1371
1372,0,44,dev_1372,addr_1372
1373,0,8,dev_1373,addr_1373
1374,0,25,dev_1374,addr_1374
1375,0,53,dev_1375,addr_1375
1376,0,17,dev_1376,addr_1376
1377,0,50,dev_1377,addr_1377
1378,0,38,dev_1378,addr_1378
1379,0,55,dev_1379,addr_1379
1380,0,30,dev_1380,addr_1380
1381,0,55,dev_1381,addr_1381
1382,0,59,dev_1382,addr_1382
1383,0,28,dev_1383,addr_1383
1384,0,37,dev_1384,addr_1384
1385,0,48,dev_1385,addr_1385
1386,0,59,dev_1386,addr_1386
1387,0,7,dev_1387,addr_1387
1388,0,57,dev_1388,addr_1388
1389,0,49,dev_1389,addr_1389
1390,0,47,dev_1390,addr_1390
1391,0,18,dev_1391,addr_1391
1392,0,19,dev_1392,addr_1392
1393,0,31,dev_1393,addr_1393
1394,0,49,dev_1394,addr_1394
1395,0,21,dev_1395,addr_1395
1396,0,58,dev_1396,addr_1396
1397,0,3,dev_1397,addr_1397
1398,0,13,dev_1398,addr_1398
1399,0,49,dev_1399,addr_1399
1400,0,42,dev_1400,addr_1400
1401,0,7,dev_1401,addr_1401
1402,0,48,dev_1402,addr_1402
1403,0,53,dev_1403,addr_1403
1404,0,43,dev_1404,addr_1404
1405,0,15,dev_1405,addr_1405
1406,0,40,dev_1406,addr_1406
1407,0,44,dev_1407,addr_1407
1408,0,46,dev_1408,addr_1408
1409,0,51,dev_1409,addr_1409
1410,0,42,dev_1410,addr_1410
1411,0,50,dev_1411,addr_1411
1412,0,19,dev_1412,addr_1412
1413,0,41,dev_1413,addr_1413
1414,0,45,dev_1414,addr_1414
1415,0,42,dev_1415,addr_1415
1416,0,24,dev_1416,addr_1416
1417,0,30,dev_1417,addr_1417
1418,0,5,dev_1418,addr_1418
1419,0,33,dev_1419,addr_1419
1420,0,28,dev_1420,addr_1420
1421,0,13,dev_1421,addr_1421
1422,0,50,dev_1422,addr_1422
1423,0,25,dev_1423,addr_1423
1424,0,9,dev_1424,addr_1424
1425,0,27,dev_1425,addr_1425
1426,0,10,dev_1426,addr_1426
1427,0,39,dev_1427,addr_1427
1428,0,26,dev_1428,addr_1428
1429,0,29,dev_1429,addr_1429
1430,0,37,dev_1430,addr_1430
1431,0,41,dev_1431,addr_1431
1432,0,17,dev_1432,addr_1432
1433,0,34,dev_1433,addr_1433
1434,0,6,dev_1434,addr_1434
1435,0,59,dev_1435,addr_1435
1436,0,56,dev_1436,addr_1436
1437,0,7,dev_1437,addr_1437
1438,0,38,dev_1438,addr_1438
1439,0,29,dev_1439,addr_1439
1440,0,16,dev_1440,addr_1440
1441,0,42,dev_1441,addr_1441
1442,0,44,dev_1442,addr_1442
1443,0,16,dev_1443,addr_1443
1444,0,52,dev_1444,addr_1444
1445,0,8,dev_1445,addr_1445
1446,0,26,dev_1446,addr_1446
1447,0,10,dev_1447,addr_1447
1448,0,57,dev_1448,addr_1448
1449,0,59,dev_1449,addr_1449
1450,0,21,dev_1450,addr_1450
1451,0,39,dev_1451,addr_1451
1452,0,38,dev_1452,addr_1452
1453,0,8,dev_1453,addr_1453
1454,0,2,dev_1454,addr_1454
1455,0,38,dev_1455,addr_1455
1456,0,57,dev_1456,addr_1456
1457,0,41,dev_1457,addr_1457
1458,0,58,dev_1458,addr_1458
1459,0,25,dev_1459,addr_1459
1460,0,23,dev_1460,addr_1460
1461,0,36,dev_1461,addr_1461
1462,0,9,dev_1462,addr_1462
1463,0,10,dev_1463,addr_1463
1464,0,49,dev_1464,addr_1464
1465,0,40,dev_1465,addr_1465
1466,0,56,dev_1466,addr_1466
1467,0,47,dev_1467,addr_1467
1468,0,49,dev_1468,addr_1468
1469,0,55,dev_1469,addr_1469
1470,0,56,dev_1470,addr_1470
1471,0,34,dev_1471,addr_1471
1472,0,6,dev_1472,addr_1472
1473,0,31,dev_1473,addr_1473
1474,0,56,dev_1474,addr_1474
1475,0,37,dev_1475,addr_1475
1476,0,50,dev_1476,addr_1476
1477,0,4,dev_1477,addr_1477
1478,0,16,dev_1478,addr_1478
1479,0,24,dev_1479,addr_1479
1480,0,11,dev_1480,addr_1480
1481,0,43,dev_1481,addr_1481
1482,0,14,dev_1482,addr_1482
1483,0,57,dev_1483,addr_1483
1484,0,40,dev_1484,addr_1484
1485,0,39,dev_1485,addr_1485
1486,0,41,dev_1486,addr_1486
1487,0,51,dev_1487,addr_1487
1488,0,47,dev_1488,addr_1488
1489,0,34,dev_1489,addr_1489
1490,0,49,dev_1490,addr_1490
1491,0,59,dev_1491,addr_1491
1492,0,2,dev_1492,addr_1492
1493,0,50,dev_1493,addr_1493
1494,0,51,dev_1494,addr_1494
1495,0,0,dev_1495,addr_1495
1496,0,42,dev_1496,addr_1496
1497,0,58,dev_1497,addr_1497
1498,0,43,dev_1498,addr_1498
1499,0,36,dev_1499,addr_1499
1500,0,20,dev_1500,addr_1500
1501,0,36,dev_1501,addr_1501
1502,0,18,dev_1502,addr_1502
1503,0,49,dev_1503,addr_1503
1504,0,21,dev_1504,addr_1504
1505,0,28,dev_1505,addr_1505
1506,0,26,dev_1506,addr_1506
1507,0,9,dev_1507,addr_1507
1508,0,8,dev_1508,addr_1508
1509,0,3,dev_1509,addr_1509
1510,0,28,dev_1510,addr_1510
1511,0,18,dev_1511,addr_1511
1512,0,55,dev_1512,addr_1512
1513,0,34,dev_1513,addr_1513
1514,0,56,dev_1514,addr_1514
1515,0,42,dev_1515,addr_1515
1516,0,41,dev_1516,addr_1516
1517,0,29,dev_1517,addr_1517
1518,0,32,dev_1518,addr_1518
1519,0,40,dev_1519,addr_1519
1520,0,26,dev_1520,addr_1520
1521,0,6,dev_1521,addr_1521
1522,0,54,dev_1522,addr_1522
1523,0,42,dev_1523,addr_1523
1524,0,28,dev_1524,addr_1524
1525,0,30,dev_1525,addr_1525
1526,0,52,dev_1526,addr_1526
1527,0,46,dev_1527,addr_1527
1528,0,42,dev_1528,addr_1528
1529,0,50,dev_1529,addr_1529
1530,0,27,dev_1530,addr_1530
1531,0,27,dev_1531,addr_1531
1532,0,26,dev_1532,addr_1532
1533,0,24,dev_1533,addr_1533
1534,0,48,dev_1534,addr_1534
1535,0,19,dev_1535,addr_1535
1536,0,42,dev_1536,addr_1536
1537,0,21,dev_1537,addr_1537
1538,0,14,dev_1538,addr_1538
1539,0,8,dev_1539,addr_1539
1540,0,45,dev_1540,addr_1540
1541,0,8,dev_1541,addr_1541
1542,0,19,dev_1542,addr_1542
1543,0,35,dev_1543,addr_1543
1544,0,43,dev_1544,addr_1544
1545,0,5,dev_1545,addr_1545
1546,0,0,dev_1546,addr_1546
1547,0,14,dev_1547,addr_1547
1548,0,51,dev_1548,addr_1548
1549,0,35,dev_1549,addr_1549
1550,0,28,dev_1550,addr_1550
1551,0,46,dev_1551,addr_1551
1552,0,26,dev_1552,addr_1552
1553,0,45,dev_1553,addr_1553
1554,0,36,dev_1554,addr_1554
1555,0,46,dev_1555,addr_1555
1556,0,30,dev_1556,addr_1556
1557,0,14,dev_1557,addr_1557
1558,0,23,dev_1558,addr_1558
1559,0,47,dev_1559,addr_1559
1560,0,12,dev_1560,addr_1560
1561,0,58,dev_1561,addr_1561
1562,0,44,dev_1562,addr_1562
1563,0,0,dev_1563,addr_1563
1564,0,35,dev_1564,addr_1564
1565,0,25,dev_1565,addr_1565
1566,0,19,dev_1566,addr_1566
1567,0,28,dev_1567,addr_1567
1568,0,54,dev_1568,addr_1568
1569,0,56,dev_1569,addr_1569
1570,0,13,dev_1570,addr_1570
1571,0,16,dev_1571,addr_1571
1572,0,29,dev_1572,addr_1572
1573,0,24,dev_1573,addr_1573
1574,0,40,dev_1574,addr_1574
1575,0,35,dev_1575,addr_1575
1576,0,46,dev_1576,addr_1576
1577,0,19,dev_1577,addr_1577
1578,0,19,dev_1578,addr_1578
1579,0,24,dev_1579,addr_1579
1580,0,38,dev_1580,addr_1580
1581,0,16,dev_1581,addr_1581
1582,0,44,dev_1582,addr_1582
1583,0,40,dev_1583,addr_1583
1584,0,47,dev_1584,addr_1584
1585,0,35,dev_1585,addr_1585
1586,0,37,dev_1586,addr_1586
1587,0,10,dev_1587,addr_1587
1588,0,32,dev_1588,addr_1588
1589,0,34,dev_1589,addr_1589
1590,0,26,dev_1590,addr_1590
1591,0,45,dev_1591,addr_1591
1592,0,7,dev_1592,addr_1592
1593,0,48,dev_1593,addr_1593
1594,0,10,dev_1594,addr_1594
1595,0,10,dev_1595,addr_1595
1596,0,41,dev_1596,addr_1596
1597,0,35,dev_1597,addr_1597
1598,0,54,dev_1598,addr_1598
1599,0,49,dev_1599,addr_1599
1600,0,26,dev_1600,addr_1600
1601,0,11,dev_1601,addr_1601
1602,0,58,dev_1602,addr_1602
1603,0,5,dev_1603,addr_1603
1604,0,58,dev_1604,addr_1604
1605,0,3,dev_1605,addr_1605
1606,0,28,dev_1606,addr_1606
1607,0,41,dev_1607,addr_1607
1608,0,4,dev_1608,addr_1608
1609,0,52,dev_1609,addr_1609
1610,0,36,dev_1610,addr_1610
1611,0,36,dev_1611,addr_1611
1612,0,26,dev_1612,addr_1612
1613,0,59,dev_1613,addr_1613
1614,0,14,dev_1614,addr_1614
1615,0,9,dev_1615,addr_1615
1616,0,0,dev_1616,addr_1616
1617,0,11,dev_1617,addr_1617
1618,0,29,dev_1618,addr_1618
1619,0,57,dev_1619,addr_1619
1620,0,38,dev_1620,addr_1620
1621,0,28,dev_1621,addr_1621
1622,0,5,dev_1622,addr_1622
1623,0,40,dev_1623,addr_1623
1624,0,47,dev_1624,addr_1624
1625,0,22,dev_1625,addr_1625
1626,0,58,dev_1626,addr_1626
1627,0,38,dev_1627,addr_1627
1628,0,52,dev_1628,addr_1628
1629,0,4,dev_1629,addr_1629
1630,0,29,dev_1630,addr_1630
1631,0,11,dev_1631,addr_1631
1632,0,5,dev_1632,addr_1632
1633,0,8,dev_1633,addr_1633
1634,0,44,dev_1634,addr_1634
1635,0,6,dev_1635,addr_1635
1636,0,5,dev_1636,addr_1636
1637,0,39,dev_1637,addr_1637
1638,0,5,dev_1638,addr_1638
1639,0,34,dev_1639,addr_1639
1640,0,33,dev_1640,addr_1640
1641,0,11,dev_1641,addr_1641
1642,0,9,dev_1642,addr_1642
1643,0,53,dev_1643,addr_1643
1644,0,54,dev_1644,addr_1644
1645,0,49,dev_1645,addr_1645
1646,0,12,dev_1646,addr_1646
1647,0,8,dev_1647,addr_1647
1648,0,50,dev_1648,addr_1648
1649,0,29,dev_1649,addr_1649
1650,0,56,dev_1650,addr_1650
1651,0,10,dev_1651,addr_1651
1652,0,35,dev_1652,addr_1652
1653,0,22,dev_1653,addr_1653
1654,0,19,dev_1654,addr_1654
1655,0,14,dev_1655,addr_1655
1656,0,35,dev_1656,addr_1656
1657,0,53,dev_1657,addr_1657
1658,0,56,dev_1658,addr_1658
1659,0,36,dev_1659,addr_1659
1660,0,26,dev_1660,addr_1660
1661,0,11,dev_1661,addr_1661
1662,0,27,dev_1662,addr_1662
1663,0,11,dev_1663,addr_1663
1664,0,52,dev_1664,addr_1664
1665,0,18,dev_1665,addr_1665
1666,0,53,dev_1666,addr_1666
1667,0,17,dev_1667,addr_1667
1668,0,0,dev_1668,addr_1668
1669,0,58,dev_1669,addr_1669
1670,0,40,dev_1670,addr_1670
1671,0,4,dev_1671,addr_1671
1672,0,36,dev_1672,addr_1672
1673,0,41,dev_1673,addr_1673
1674,0,34,dev_1674,addr_1674
1675,0,55,dev_1675,addr_1675
1676,0,18,dev_1676,addr_1676
1677,0,58,dev_1677,addr_1677
1678,0,35,dev_1678,addr_1678
1679,0,19,dev_1679,addr_1679
1680,0,58,dev_1680,addr_1680
1681,0,55,dev_1681,addr_1681
1682,0,44,dev_1682,addr_1682
1683,0,40,dev_1683,addr_1683
1684,0,12,dev_1684,addr_1684
1685,0,10,dev_1685,addr_1685
1686,0,16,dev_1686,addr_1686
1687,0,43,dev_1687,addr_1687
1688,0,47,dev_1688,addr_1688
1689,0,49,dev_1689,addr_1689
1690,0,45,dev_1690,addr_1690
1691,0,10,dev_1691,addr_1691
1692,0,3,dev_1692,addr_1692
1693,0,13,dev_1693,addr_1693
1694,0,17,dev_1694,addr_1694
1695,0,45,dev_1695,addr_1695
1696,0,33,dev_1696,addr_1696
1697,0,36,dev_1697,addr_1697
1698,0,23,dev_1698,addr_1698
1699,0,1,dev_1699,addr_1699
1700,0,18,dev_1700,addr_1700
1701,0,48,dev_1701,addr_1701
1702,0,13,dev_1702,addr_1702
1703,0,40,dev_1703,addr_1703
1704,0,0,dev_1704,addr_1704
1705,0,42,dev_1705,addr_1705
1706,0,10,dev_1706,addr_1706
1707,0,7,dev_1707,addr_1707
1708,0,8,dev_1708,addr_1708
1709,0,51,dev_1709,addr_1709
1710,0,24,dev_1710,addr_1710
1711,0,31,dev_1711,addr_1711
1712,0,8,dev_1712,addr_1712
1713,0,59,dev_1713,addr_1713
1714,0,19,dev_1714,addr_1714
1715,0,52,dev_1715,addr_1715
1716,0,37,dev_1716,addr_1716
1717,0,44,dev_1717,addr_1717
1718,0,32,dev_1718,addr_1718
1719,0,25,dev_1719,addr_1719
1720,0,3,dev_1720,addr_1720
1721,0,41,dev_1721,addr_1721
1722,0,50,dev_1722,addr_1722
1723,0,6,dev_1723,addr_1723
1724,0,33,dev_1724,addr_1724
1725,0,33,dev_1725,addr_1725
1726,0,58,dev_1726,addr_1726
1727,0,33,dev_1727,addr_1727
1728,0,50,dev_1728,addr_1728
1729,0,32,dev_1729,addr_1729
1730,0,4,dev_1730,addr_1730
1731,0,39,dev_1731,addr_1731
1732,0,42,dev_1732,addr_1732
1733,0,36,dev_1733,addr_1733
1734,0,52,dev_1734,addr_1734
1735,0,13,dev_1735,addr_1735
1736,0,11,dev_1736,addr_1736
1737,0,58,dev_1737,addr_1737
1738,0,38,dev_1738,addr_1738
1739,0,42,dev_1739,addr_1739
1740,0,19,dev_1740,addr_1740
1741,0,48,dev_1741,addr_1741
1742,0,16,dev_1742,addr_1742
1743,0,16,dev_1743,addr_1743
1744,0,43,dev_1744,addr_1744
1745,0,23,dev_1745,addr_1745
1746,0,17,dev_1746,addr_1746
1747,0,10,dev_1747,addr_1747
1748,0,33,dev_1748,addr_1748
1749,0,35,dev_1749,addr_1749
1750,0,11,dev_1750,addr_1750
1751,0,2,dev_1751,addr_1751
1752,0,37,dev_1752,addr_1752
1753,0,48,dev_1753,addr_1753
1754,0,26,dev_1754,addr_1754
1755,0,58,dev_1755,addr_1755
1756,0,29,dev_1756,addr_1756
1757,0,53,dev_1757,addr_1757
1758,0,19,dev_1758,addr_1758
1759,0,8,dev_1759,addr_1759
1760,0,13,dev_1760,addr_1760
1761,0,44,dev_1761,addr_1761
1762,0,3,dev_1762,addr_1762
1763,0,58,dev_1763,addr_1763
1764,0,22,dev_1764,addr_1764
1765,0,54,dev_1765,addr_1765
1766,0,19,dev_1766,addr_1766
1767,0,15,dev_1767,addr_1767
1768,0,11,dev_1768,addr_1768
1769,0,25,dev_1769,addr_1769
1770,0,16,dev_1770,addr_1770
1771,0,28,dev_1771,addr_1771
1772,0,22,dev_1772,addr_1772
1773,0,51,dev_1773,addr_1773
1774,0,26,dev_1774,addr_1774
1775,0,29,dev_1775,addr_1775
1776,0,18,dev_1776,addr_1776
1777,0,25,dev_1777,addr_1777
1778,0,46,dev_1778,addr_1778
1779,0,52,dev_1779,addr_1779
1780,0,36,dev_1780,addr_1780
1781,0,14,dev_1781,addr_1781
1782,0,19,dev_1782,addr_1782
1783,0,39,dev_1783,addr_1783
1784,0,17,dev_1784,addr_1784
1785,0,46,dev_1785,addr_1785
1786,0,14,dev_1786,addr_1786
1787,0,59,dev_1787,addr_1787
1788,0,4,dev_1788,addr_1788
1789,0,24,dev_1789,addr_1789
1790,0,28,dev_1790,addr_1790
1791,0,27,dev_1791,addr_1791
1792,0,25,dev_1792,addr_1792
1793,0,13,dev_1793,addr_1793
1794,0,24,dev_1794,addr_1794
1795,0,38,dev_1795,addr_1795
1796,0,14,dev_1796,addr_1796
1797,0,55,dev_1797,addr_1797
1798,0,45,dev_1798,addr_1798
1799,0,58,dev_1799,addr_1799
1800,0,43,dev_1800,addr_1800
1801,0,14,dev_1801,addr_1801
1802,0,37,dev_1802,addr_1802
1803,0,1,dev_1803,addr_1803
1804,0,49,dev_1804,addr_1804
1805,0,9,dev_1805,addr_1805
1806,0,54,dev_1806,addr_1806
1807,0,22,dev_1807,addr_1807
1808,0,13,dev_1808,addr_1808
1809,0,20,dev_1809,addr_1809
1810,0,13,dev_1810,addr_1810
1811,0,45,dev_1811,addr_1811
1812,0,0,dev_1812,addr_1812
1813,0,11,dev_1813,addr_1813
1814,0,56,dev_1814,addr_1814
1815,0,12,dev_1815,addr_1815
1816,0,38,dev_1816,addr_1816
1817,0,7,dev_1817,addr_1817
1818,0,30,dev_1818,addr_1818
1819,0,20,dev_1819,addr_1819
1820,0,32,dev_1820,addr_1820
1821,0,41,dev_1821,addr_1821
1822,0,1,dev_1822,addr_1822
1823,0,17,dev_1823,addr_1823
1824,0,26,dev_1824,addr_1824
1825,0,4,dev_1825,addr_1825
1826,0,12,dev_1826,addr_1826
1827,0,50,dev_1827,addr_1827
1828,0,25,dev_1828,addr_1828
1829,0,30,dev_1829,addr_1829
1830,0,1,dev_1830,addr_1830
1831,0,39,dev_1831,addr_1831
1832,0,25,dev_1832,addr_1832
1833,0,56,dev_1833,addr_1833
1834,0,25,dev_1834,addr_1834
1835,0,45,dev_1835,addr_1835
1836,0,30,dev_1836,addr_1836
1837,0,2,dev_1837,addr_1837
1838,0,48,dev_1838,addr_1838
1839,0,35,dev_1839,addr_1839
1840,0,49,dev_1840,addr_1840
1841,0,21,dev_1841,addr_1841
1842,0,5,dev_1842,addr_1842
1843,0,37,dev_1843,addr_1843
1844,0,54,dev_1844,addr_1844
1845,0,16,dev_1845,addr_1845
1846,0,13,dev_1846,addr_1846
1847,0,12,dev_1847,addr_1847
1848,0,13,dev_1848,addr_1848
1849,0,58,dev_1849,addr_1849
1850,0,51,dev_1850,addr_1850
1851,0,57,dev_1851,addr_1851
1852,0,31,dev_1852,addr_1852
1853,0,52,dev_1853,addr_1853
1854,0,28,dev_1854,addr_1854
1855,0,19,dev_1855,addr_1855
1856,0,4,dev_1856,addr_1856
1857,0,10,dev_1857,addr_1857
1858,0,2,dev_1858,addr_1858
1859,0,44,dev_1859,addr_1859
1860,0,28,dev_1860,addr_1860
1861,0,22,dev_1861,addr_1861
1862,0,7,dev_1862,addr_1862
1863,0,26,dev_1863,addr_1863
1864,0,30,dev_1864,addr_1864
1865,0,42,dev_1865,addr_1865
1866,0,59,dev_1866,addr_1866
1867,0,54,dev_1867,addr_1867
1868,0,31,dev_1868,addr_1868
1869,0,56,dev_1869,addr_1869
1870,0,49,dev_1870,addr_1870
1871,0,51,dev_1871,addr_1871
1872,0,38,dev_1872,addr_1872
1873,0,30,dev_1873,addr_1873
1874,0,51,dev_1874,addr_1874
1875,0,22,dev_1875,addr_1875
1876,0,24,dev_1876,addr_1876
1877,0,16,dev_1877,addr_1877
1878,0,0,dev_1878,addr_1878
1879,0,33,dev_1879,addr_1879
1880,0,12,dev_1880,addr_1880
1881,0,34,dev_1881,addr_1881
1882,0,14,dev_1882,addr_1882
1883,0,9,dev_1883,addr_1883
1884,0,35,dev_1884,addr_1884
1885,0,14,dev_1885,addr_1885
1886,0,21,dev_1886,addr_1886
1887,0,16,dev_1887,addr_1887
1888,0,10,dev_1888,addr_1888
1889,0,15,dev_1889,addr_1889
1890,0,11,dev_1890,addr_1890
1891,0,56,dev_1891,addr_1891
1892,0,50,dev_1892,addr_1892
1893,0,37,dev_1893,addr_1893
1894,0,27,dev_1894,addr_1894
1895,0,14,dev_1895,addr_1895
1896,0,24,dev_1896,addr_1896
1897,0,46,dev_1897,addr_1897
1898,0,54,dev_1898,addr_1898
1899,0,34,dev_1899,addr_1899
1900,0,49,dev_1900,addr_1900
1901,0,19,dev_1901,addr_1901
1902,0,38,dev_1902,addr_1902
1903,0,25,dev_1903,addr_1903
1904,0,6,dev_1904,addr_1904
1905,0,23,dev_1905,addr_1905
1906,0,59,dev_1906,addr_1906
1907,0,11,dev_1907,addr_1907
1908,0,26,dev_1908,addr_1908
1909,0,33,dev_1909,addr_1909
1910,0,58,dev_1910,addr_1910
1911,0,5,dev_1911,addr_1911
1912,0,54,dev_1912,addr_1912
1913,0,34,dev_1913,addr_1913
1914,0,43,dev_1914,addr_1914
1915,0,23,dev_1915,addr_1915
1916,0,51,dev_1916,addr_1916
1917,0,33,dev_1917,addr_1917
1918,0,15,dev_1918,addr_1918
1919,0,2,dev_1919,addr_1919
1920,0,1,dev_1920,addr_1920
1921,0,33,dev_1921,addr_1921
1922,0,38,dev_1922,addr_1922
1923,0,13,dev_1923,addr_1923
1924,0,41,dev_1924,addr_1924
1925,0,15,dev_1925,addr_1925
1926,0,15,dev_1926,addr_1926
1927,0,15,dev_1927,addr_1927
1928,0,48,dev_1928,addr_1928
1929,0,54,dev_1929,addr_1929
1930,0,16,dev_1930,addr_1930
1931,0,58,dev_1931,addr_1931
1932,0,51,dev_1932,addr_1932
1933,0,23,dev_1933,addr_1933
1934,0,31,dev_1934,addr_1934
1935,0,13,dev_1935,addr_1935
1936,0,11,dev_1936,addr_1936
1937,0,3,dev_1937,addr_1937
1938,0,24,dev_1938,addr_1938
1939,0,25,dev_1939,addr_1939
1940,0,31,dev_1940,addr_1940
1941,0,36,dev_1941,addr_1941
1942,0,55,dev_1942,addr_1942
1943,0,52,dev_1943,addr_1943
1944,0,54,dev_1944,addr_1944
1945,0,26,dev_1945,addr_1945
1946,0,25,dev_1946,addr_1946
1947,0,9,dev_1947,addr_1947
1948,0,57,dev_1948,addr_1948
1949,0,3,dev_1949,addr_1949
1950,0,28,dev_1950,addr_1950
1951,0,52,dev_1951,addr_1951
1952,0,31,dev_1952,addr_1952
1953,0,32,dev_1953,addr_1953
1954,0,54,dev_1954,addr_1954
1955,0,36,dev_1955,addr_1955
1956,0,48,dev_1956,addr_1956
1957,0,50,dev_1957,addr_1957
1958,0,36,dev_1958,addr_1958
1959,0,7,dev_1959,addr_1959
1960,0,16,dev_1960,addr_1960
1961,0,5,dev_1961,addr_1961
1962,0,21,dev_1962,addr_1962
1963,0,58,dev_1963,addr_1963
1964,0,45,dev_1964,addr_1964
1965,0,26,dev_1965,addr_1965
1966,0,7,dev_1966,addr_1966
1967,0,10,dev_1967,addr_1967
1968,0,40,dev_1968,addr_1968
1969,0,36,dev_1969,addr_1969
1970,0,53,dev_1970,addr_1970
1971,0,39,dev_1971,addr_1971
1972,0,44,dev_1972,addr_1972
1973,0,18,dev_1973,addr_1973
1974,0,50,dev_1974,addr_1974
1975,0,30,dev_1975,addr_1975
1976,0,37,dev_1976,addr_1976
1977,0,7,dev_1977,addr_1977
1978,0,8,dev_1978,addr_1978
1979,0,15,dev_1979,addr_1979
1980,0,46,dev_1980,addr_1980
1981,0,57,dev_1981,addr_1981
1982,0,1,dev_1982,addr_1982
1983,0,35,dev_1983,addr_1983
1984,0,44,dev_1984,addr_1984
1985,0,0,dev_1985,addr_1985
1986,0,15,dev_1986,addr_1986
1987,0,55,dev_1987,addr_1987
1988,0,48,dev_1988,addr_1988
1989,0,28,dev_1989,addr_1989
1990,0,1,dev_1990,addr_1990
1991,0,29,dev_1991,addr_1991
1992,0,5,dev_1992,addr_1992
1993,0,14,dev_1993,addr_1993
1994,0,48,dev_1994,addr_1994
1995,0,42,dev_1995,addr_1995
1996,0,6,dev_1996,addr_1996
1997,0,0,dev_1997,addr_1997
1998,0,38,dev_1998,addr_1998
1999,0,22,dev_1999,addr_1999
2000,0,16,dev_2000,addr_2000
2001,0,59,dev_2001,addr_2001
2002,0,10,dev_2002,addr_2002
2003,0,39,dev_2003,addr_2003
2004,0,53,dev_2004,addr_2004
2005,0,26,dev_2005,addr_2005
2006,0,14,dev_2006,addr_2006
2007,0,53,dev_2007,addr_2007
2008,0,28,dev_2008,addr_2008
2009,0,54,dev_2009,addr_2009
2010,0,50,dev_2010,addr_2010
2011,0,1,dev_2011,addr_2011
2012,0,50,dev_2012,addr_2012
2013,0,7,dev_2013,addr_2013
2014,0,8,dev_2014,addr_2014
2015,0,33,dev_2015,addr_2015
2016,0,43,dev_2016,addr_2016
2017,0,7,dev_2017,addr_2017
2018,0,11,dev_2018,addr_2018
2019,0,32,dev_2019,addr_2019
2020,0,52,dev_2020,addr_2020
2021,0,27,dev_2021,addr_2021
2022,0,2,dev_2022,addr_2022
2023,0,53,dev_2023,addr_2023
2024,0,57,dev_2024,addr_2024
2025,0,47,dev_2025,addr_2025
2026,0,10,dev_2026,addr_2026
2027,0,30,dev_2027,addr_2027
2028,0,52,dev_2028,addr_2028
2029,0,36,dev_2029,addr_2029
2030,0,41,dev_2030,addr_2030
2031,0,1,dev_2031,addr_2031
2032,0,11,dev_2032,addr_2032
2033,0,56,dev_2033,addr_2033
2034,0,46,dev_2034,addr_2034
2035,0,12,dev_2035,addr_2035
2036,0,25,dev_2036,addr_2036
2037,0,30,dev_2037,addr_2037
2038,0,19,dev_2038,addr_2038
2039,0,13,dev_2039,addr_2039
2040,0,4,dev_2040,addr_2040
2041,0,47,dev_2041,addr_2041
2042,0,43,dev_2042,addr_2042
2043,0,55,dev_2043,addr_2043
2044,0,22,dev_2044,addr_2044
2045,0,36,dev_2045,addr_2045
2046,0,5,dev_2046,addr_2046
2047,0,33,dev_2047,addr_2047
2048,0,23,dev_2048,addr_2048
2049,0,37,dev_2049,addr_2049
2050,0,37,dev_2050,addr_2050
2051,0,30,dev_2051,addr_2051
2052,0,55,dev_2052,addr_2052
2053,0,56,dev_2053,addr_2053
2054,0,22,dev_2054,addr_2054
2055,0,54,dev_2055,addr_2055
2056,0,5,dev_2056,addr_2056
2057,0,18,dev_2057,addr_2057
2058,0,28,dev_2058,addr_2058
2059,0,27,dev_2059,addr_2059
2060,0,55,dev_2060,addr_2060
2061,0,34,dev_2061,addr_2061
2062,0,11,dev_2062,addr_2062
2063,0,5,dev_2063,addr_2063
2064,0,6,dev_2064,addr_2064
2065,0,37,dev_2065,addr_2065
2066,0,39,dev_2066,addr_2066
2067,0,15,dev_2067,addr_2067
2068,0,27,dev_2068,addr_2068
2069,0,54,dev_2069,addr_2069
2070,0,32,dev_2070,addr_2070
2071,0,50,dev_2071,addr_2071
2072,0,35,dev_2072,addr_2072
2073,0,40,dev_2073,addr_2073
2074,0,9,dev_2074,addr_2074
2075,0,57,dev_2075,addr_2075
2076,0,6,dev_2076,addr_2076
2077,0,45,dev_2077,addr_2077
2078,0,48,dev_2078,addr_2078
2079,0,52,dev_2079,addr_2079
2080,0,1,dev_2080,addr_2080
2081,0,44,dev_2081,addr_2081
2082,0,58,dev_2082,addr_2082
2083,0,3,dev_2083,addr_2083
2084,0,3,dev_2084,addr_2084
2085,0,10,dev_2085,addr_2085
2086,0,19,dev_2086,addr_2086
2087,0,43,dev_2087,addr_2087
2088,0,7,dev_2088,addr_2088
2089,0,26,dev_2089,addr_2089
2090,0,52,dev_2090,addr_2090
2091,0,31,dev_2091,addr_2091
2092,0,31,dev_2092,addr_2092
2093,0,18,dev_2093,addr_2093
2094,0,40,dev_2094,addr_2094
2095,0,38,dev_2095,addr_2095
2096,0,15,dev_2096,addr_2096
2097,0,43,dev_2097,addr_2097
2098,0,52,dev_2098,addr_2098
2099,0,51,dev_2099,addr_2099
2100,0,45,dev_2100,addr_2100
2101,0,45,dev_2101,addr_2101
2102,0,17,dev_2102,addr_2102
2103,0,25,dev_2103,addr_2103
2104,0,26,dev_2104,addr_2104
2105,0,40,dev_2105,addr_2105
2106,0,26,dev_2106,addr_2106
2107,0,30,dev_2107,addr_2107
2108,0,4,dev_2108,addr_2108
2109,0,11,dev_2109,addr_2109
2110,0,18,dev_2110,addr_2110
2111,0,19,dev_2111,addr_2111
2112,0,25,dev_2112,addr_2112
2113,0,50,dev_2113,addr_2113
2114,0,44,dev_2114,addr_2114
2115,0,42,dev_2115,addr_2115
2116,0,1,dev_2116,addr_2116
2117,0,5,dev_2117,addr_2117
2118,0,22,dev_2118,addr_2118
2119,0,32,dev_2119,addr_2119
2120,0,27,dev_2120,addr_2120
2121,0,44,dev_2121,addr_2121
2122,0,24,dev_2122,addr_2122
2123,0,53,dev_2123,addr_2123
2124,0,38,dev_2124,addr_2124
2125,0,12,dev_2125,addr_2125
2126,0,1,dev_2126,addr_2126
2127,0,46,dev_2127,addr_2127
2128,0,44,dev_2128,addr_2128
2129,0,5,dev_2129,addr_2129
2130,0,33,dev_2130,addr_2130
2131,0,56,dev_2131,addr_2131
2132,0,23,dev_2132,addr_2132
2133,0,17,dev_2133,addr_2133
2134,0,42,dev_2134,addr_2134
2135,0,29,dev_2135,addr_2135
2136,0,52,dev_2136,addr_2136
2137,0,9,dev_2137,addr_2137
2138,0,34,dev_2138,addr_2138
2139,0,19,dev_2139,addr_2139
2140,0,15,dev_2140,addr_2140
2141,0,10,dev_2141,addr_2141
2142,0,2,dev_2142,addr_2142
2143,0,2,dev_2143,addr_2143
2144,0,48,dev_2144,addr_2144
2145,0,28,dev_2145,addr_2145
2146,0,9,dev_2146,addr_2146
2147,0,49,dev_2147,addr_2147
2148,0,12,dev_2148,addr_2148
2149,0,33,dev_2149,addr_2149
2150,0,11,dev_2150,addr_2150
2151,0,31,dev_2151,addr_2151
2152,0,34,dev_2152,addr_2152
2153,0,10,dev_2153,addr_2153
2154,0,9,dev_2154,addr_2154
2155,0,16,dev_2155,addr_2155
2156,0,2,dev_2156,addr_2156
2157,0,25,dev_2157,addr_2157
2158,0,11,dev_2158,addr_2158
2159,0,48,dev_2159,addr_2159
2160,0,23,dev_2160,addr_2160
2161,0,59,dev_2161,addr_2161
2162,0,4,dev_2162,addr_2162
2163,0,57,dev_2163,addr_2163
2164,0,39,dev_2164,addr_2164
2165,0,3,dev_2165,addr_2165
2166,0,8,dev_2166,addr_2166
2167,0,36,dev_2167,addr_2167
2168,0,8,dev_2168,addr_2168
2169,0,27,dev_2169,addr_2169
2170,0,8,dev_2170,addr_2170
2171,0,43,dev_2171,addr_2171
2172,0,12,dev_2172,addr_2172
2173,0,22,dev_2173,addr_2173
2174,0,57,dev_2174,addr_2174
2175,0,45,dev_2175,addr_2175
2176,0,59,dev_2176,addr_2176
2177,0,51,dev_2177,addr_2177
2178,0,58,dev_2178,addr_2178
2179,0,48,dev_2179,addr_2179
2180,0,18,dev_2180,addr_2180
2181,0,35,dev_2181,addr_2181
2182,0,12,dev_2182,addr_2182
2183,0,13,dev_2183,addr_2183
2184,0,12,dev_2184,addr_2184
2185,0,13,dev_2185,addr_2185
2186,0,28,dev_2186,addr_2186
2187,0,46,dev_2187,addr_2187
2188,0,26,dev_2188,addr_2188
2189,0,15,dev_2189,addr_2189
2190,0,39,dev_2190,addr_2190
2191,0,37,dev_2191,addr_2191
2192,0,54,dev_2192,addr_2192
2193,0,45,dev_2193,addr_2193
2194,0,17,dev_2194,addr_2194
2195,0,8,dev_2195,addr_2195
2196,0,35,dev_2196,addr_2196
2197,0,59,dev_2197,addr_2197
2198,0,22,dev_2198,addr_2198
2199,0,9,dev_2199,addr_2199
2200,0,57,dev_2200,addr_2200
2201,0,16,dev_2201,addr_2201
2202,0,8,dev_2202,addr_2202
2203,0,3,dev_2203,addr_2203
2204,0,1,dev_2204,addr_2204
2205,0,0,dev_2205,addr_2205
2206,0,13,dev_2206,addr_2206
2207,0,42,dev_2207,addr_2207
2208,0,57,dev_2208,addr_2208
2209,0,30,dev_2209,addr_2209
2210,0,23,dev_2210,addr_2210
2211,0,4,dev_2211,addr_2211
2212,0,13,dev_2212,addr_2212
2213,0,47,dev_2213,addr_2213
2214,0,24,dev_2214,addr_2214
2215,0,46,dev_2215,addr_2215
2216,0,10,dev_2216,addr_2216
2217,0,31,dev_2217,addr_2217
2218,0,46,dev_2218,addr_2218
2219,0,15,dev_2219,addr_2219
2220,0,44,dev_2220,addr_2220
2221,0,58,dev_2221,addr_2221
2222,0,40,dev_2222,addr_2222
2223,0,14,dev_2223,addr_2223
2224,0,2,dev_2224,addr_2224
2225,0,2,dev_2225,addr_2225
2226,0,33,dev_2226,addr_2226
2227,0,13,dev_2227,addr_2227
2228,0,42,dev_2228,addr_2228
2229,0,55,dev_2229,addr_2229
2230,0,39,dev_2230,addr_2230
2231,0,14,dev_2231,addr_2231
2232,0,43,dev_2232,addr_2232
2233,0,43,dev_2233,addr_2233
2234,0,34,dev_2234,addr_2234
2235,0,26,dev_2235,addr_2235
2236,0,9,dev_2236,addr_2236
2237,0,59,dev_2237,addr_2237
2238,0,47,dev_2238,addr_2238
2239,0,39,dev_2239,addr_2239
2240,0,56,dev_2240,addr_2240
2241,0,58,dev_2241,addr_2241
2242,0,4,dev_2242,addr_2242
2243,0,56,dev_2243,addr_2243
2244,0,22,dev_2244,addr_2244
2245,0,23,dev_2245,addr_2245
2246,0,14,dev_2246,addr_2246
2247,0,9,dev_2247,addr_2247
2248,0,55,dev_2248,addr_2248
2249,0,46,dev_2249,addr_2249
2250,0,12,dev_2250,addr_2250
2251,0,39,dev_2251,addr_2251
2252,0,23,dev_2252,addr_2252
2253,0,21,dev_2253,addr_2253
2254,0,8,dev_2254,addr_2254
2255,0,17,dev_2255,addr_2255
2256,0,10,dev_2256,addr_2256
2257,0,58,dev_2257,addr_2257
2258,0,56,dev_2258,addr_2258
2259,0,8,dev_2259,addr_2259
2260,0,9,dev_2260,addr_2260
2261,0,28,dev_2261,addr_2261
2262,0,57,dev_2262,addr_2262
2263,0,37,dev_2263,addr_2263
2264,0,48,dev_2264,addr_2264
2265,0,1,dev_2265,addr_2265
2266,0,54,dev_2266,addr_2266
2267,0,2,dev_2267,addr_2267
2268,0,10,dev_2268,addr_2268
2269,0,14,dev_2269,addr_2269
2270,0,48,dev_2270,addr_2270
2271,0,47,dev_2271,addr_2271
2272,0,42,dev_2272,addr_2272
2273,0,33,dev_2273,addr_2273
2274,0,2,dev_2274,addr_2274
2275,0,36,dev_2275,addr_2275
2276,0,51,dev_2276,addr_2276
2277,0,35,dev_2277,addr_2277
2278,0,26,dev_2278,addr_2278
2279,0,7,dev_2279,addr_2279
2280,0,6,dev_2280,addr_2280
2281,0,23,dev_2281,addr_2281
2282,0,44,dev_2282,addr_2282
2283,0,7,dev_2283,addr_2283
2284,0,40,dev_2284,addr_2284
2285,0,13,dev_2285,addr_2285
2286,0,51,dev_2286,addr_2286
2287,0,27,dev_2287,addr_2287
2288,0,48,dev_2288,addr_2288
2289,0,10,dev_2289,addr_2289
2290,0,43,dev_2290,addr_2290
2291,0,33,dev_2291,addr_2291
2292,0,50,dev_2292,addr_2292
2293,0,26,dev_2293,addr_2293
2294,0,53,dev_2294,addr_2294
2295,0,25,dev_2295,addr_2295
2296,0,40,dev_2296,addr_2296
2297,0,5,dev_2297,addr_2297
2298,0,48,dev_2298,addr_2298
2299,0,39,dev_2299,addr_2299
2300,0,52,dev_2300,addr_2300
2301,0,55,dev_2301,addr_2301
2302,0,4,dev_2302,addr_2302
2303,0,18,dev_2303,addr_2303
2304,0,48,dev_2304,addr_2304
2305,0,42,dev_2305,addr_2305
2306,0,14,dev_2306,addr_2306
2307,0,54,dev_2307,addr_2307
2308,0,15,dev_2308,addr_2308
2309,0,51,dev_2309,addr_2309
2310,0,52,dev_2310,addr_2310
2311,0,39,dev_2311,addr_2311
2312,0,12,dev_2312,addr_2312
2313,0,17,dev_2313,addr_2313
2314,0,28,dev_2314,addr_2314
2315,0,14,dev_2315,addr_2315
2316,0,15,dev_2316,addr_2316
2317,0,21,dev_2317,addr_2317
2318,0,1,dev_2318,addr_2318
2319,0,53,dev_2319,addr_2319
2320,0,39,dev_2320,addr_2320
2321,0,26,dev_2321,addr_2321
2322,0,38,dev_2322,addr_2322
2323,0,21,dev_2323,addr_2323
2324,0,3,dev_2324,addr_2324
2325,0,19,dev_2325,addr_2325
2326,0,43,dev_2326,addr_2326
2327,0,32,dev_2327,addr_2327
2328,0,28,dev_2328,addr_2328
2329,0,31,dev_2329,addr_2329
2330,0,9,dev_2330,addr_2330
2331,0,32,dev_2331,addr_2331
2332,0,14,dev_2332,addr_2332
2333,0,37,dev_2333,addr_2333
2334,0,32,dev_2334,addr_2334
2335,0,52,dev_2335,addr_2335
2336,0,2,dev_2336,addr_2336
2337,0,48,dev_2337,addr_2337
2338,0,49,dev_2338,addr_2338
2339,0,27,dev_2339,addr_2339
2340,0,40,dev_2340,addr_2340
2341,0,24,dev_2341,addr_2341
2342,0,32,dev_2342,addr_2342
2343,0,50,dev_2343,addr_2343
2344,0,51,dev_2344,addr_2344
2345,0,21,dev_2345,addr_2345
2346,0,18,dev_2346,addr_2346
2347,0,41,dev_2347,addr_2347
2348,0,48,dev_2348,addr_2348
2349,0,14,dev_2349,addr_2349
2350,0,15,dev_2350,addr_2350
2351,0,50,dev_2351,addr_2351
2352,0,49,dev_2352,addr_2352
2353,0,13,dev_2353,addr_2353
2354,0,35,dev_2354,addr_2354
2355,0,36,dev_2355,addr_2355
2356,0,16,dev_2356,addr_2356
2357,0,43,dev_2357,addr_2357
2358,0,18,dev_2358,addr_2358
2359,0,39,dev_2359,addr_2359
2360,0,2,dev_2360,addr_2360
2361,0,23,dev_2361,addr_2361
2362,0,24,dev_2362,addr_2362
2363,0,2,dev_2363,addr_2363
2364,0,34,dev_2364,addr_2364
2365,0,26,dev_2365,addr_2365
2366,0,27,dev_2366,addr_2366
2367,0,32,dev_2367,addr_2367
2368,0,24,dev_2368,addr_2368
2369,0,45,dev_2369,addr_2369
2370,0,45,dev_2370,addr_2370
2371,0,4,dev_2371,addr_2371
2372,0,34,dev_2372,addr_2372
2373,0,20,dev_2373,addr_2373
2374,0,39,dev_2374,addr_2374
2375,0,17,dev_2375,addr_2375
2376,0,21,dev_2376,addr_2376
2377,0,8,dev_2377,addr_2377
2378,0,0,dev_2378,addr_2378
2379,0,4,dev_2379,addr_2379
2380,0,7,dev_2380,addr_2380
2381,0,20,dev_2381,addr_2381
2382,0,59,dev_2382,addr_2382
2383,0,23,dev_2383,addr_2383
2384,0,2,dev_2384,addr_2384
2385,0,36,dev_2385,addr_2385
2386,0,36,dev_2386,addr_2386
2387,0,42,dev_2387,addr_2387
2388,0,49,dev_2388,addr_2388
2389,0,11,dev_2389,addr_2389
2390,0,22,dev_2390,addr_2390
2391,0,8,dev_2391,addr_2391
2392,0,16,dev_2392,addr_2392
2393,0,53,dev_2393,addr_2393
2394,0,20,dev_2394,addr_2394
2395,0,8,dev_2395,addr_2395
2396,0,9,dev_2396,addr_2396
2397,0,12,dev_2397,addr_2397
2398,0,5,dev_2398,addr_2398
2399,0,20,dev_2399,addr_2399
2400,0,44,dev_2400,addr_2400
2401,0,7,dev_2401,addr_2401
2402,0,49,dev_2402,addr_2402
2403,0,39,dev_2403,addr_2403
2404,0,45,dev_2404,addr_2404
2405,0,37,dev_2405,addr_2405
2406,0,3,dev_2406,addr_2406
2407,0,46,dev_2407,addr_2407
2408,0,2,dev_2408,addr_2408
2409,0,14,dev_2409,addr_2409
2410,0,6,dev_2410,addr_2410
2411,0,0,dev_2411,addr_2411
2412,0,22,dev_2412,addr_2412
2413,0,51,dev_2413,addr_2413
2414,0,1,dev_2414,addr_2414
2415,0,55,dev_2415,addr_2415
2416,0,39,dev_2416,addr_2416
2417,0,22,dev_2417,addr_2417
2418,0,26,dev_2418,addr_2418
2419,0,21,dev_2419,addr_2419
2420,0,16,dev_2420,addr_2420
2421,0,30,dev_2421,addr_2421
2422,0,42,dev_2422,addr_2422
2423,0,49,dev_2423,addr_2423
2424,0,41,dev_2424,addr_2424
2425,0,53,dev_2425,addr_2425
2426,0,17,dev_2426,addr_2426
2427,0,25,dev_2427,addr_2427
2428,0,4,dev_2428,addr_2428
2429,0,48,dev_2429,addr_2429
2430,0,55,dev_2430,addr_2430
2431,0,33,dev_2431,addr_2431
2432,0,0,dev_2432,addr_2432
2433,0,55,dev_2433,addr_2433
2434,0,18,dev_2434,addr_2434
2435,0,40,dev_2435,addr_2435
2436,0,27,dev_2436,addr_2436
2437,0,57,dev_2437,addr_2437
2438,0,57,dev_2438,addr_2438
2439,0,55,dev_2439,addr_2439
2440,0,54,dev_2440,addr_2440
2441,0,38,dev_2441,addr_2441
2442,0,19,dev_2442,addr_2442
2443,0,45,dev_2443,addr_2443
2444,0,1,dev_2444,addr_2444
2445,0,0,dev_2445,addr_2445
2446,0,14,dev_2446,addr_2446
2447,0,32,dev_2447,addr_2447
2448,0,2,dev_2448,addr_2448
2449,0,21,dev_2449,addr_2449
2450,0,38,dev_2450,addr_2450
2451,0,31,dev_2451,addr_2451
2452,0,27,dev_2452,addr_2452
2453,0,17,dev_2453,addr_2453
2454,0,32,dev_2454,addr_2454
2455,0,55,dev_2455,addr_2455
2456,0,32,dev_2456,addr_2456
2457,0,24,dev_2457,addr_2457
2458,0,31,dev_2458,addr_2458
2459,0,30,dev_2459,addr_2459
2460,0,8,dev_2460,addr_2460
2461,0,51,dev_2461,addr_2461
2462,0,44,dev_2462,addr_2462
2463,0,39,dev_2463,addr_2463
2464,0,20,dev_2464,addr_2464
2465,0,5,dev_2465,addr_2465
2466,0,26,dev_2466,addr_2466
2467,0,19,dev_2467,addr_2467
2468,0,43,dev_2468,addr_2468
2469,0,54,dev_2469,addr_2469
2470,0,57,dev_2470,addr_2470
2471,0,45,dev_2471,addr_2471
2472,0,49,dev_2472,addr_2472
2473,0,57,dev_2473,addr_2473
2474,0,17,dev_2474,addr_2474
2475,0,25,dev_2475,addr_2475
2476,0,58,dev_2476,addr_2476
2477,0,17,dev_2477,addr_2477
2478,0,40,dev_2478,addr_2478
2479,0,5,dev_2479,addr_2479
2480,0,52,dev_2480,addr_2480
2481,0,45,dev_2481,addr_2481
2482,0,27,dev_2482,addr_2482
2483,0,57,dev_2483,addr_2483
2484,0,50,dev_2484,addr_2484
2485,0,22,dev_2485,addr_2485
2486,0,49,dev_2486,addr_2486
2487,0,2,dev_2487,addr_2487
2488,0,55,dev_2488,addr_2488
2489,0,53,dev_2489,addr_2489
2490,0,41,dev_2490,addr_2490
2491,0,38,dev_2491,addr_2491
2492,0,37,dev_2492,addr_2492
2493,0,40,dev_2493,addr_2493
2494,0,51,dev_2494,addr_2494
2495,0,54,dev_2495,addr_2495
2496,0,43,dev_2496,addr_2496
2497,0,0,dev_2497,addr_2497
2498,0,56,dev_2498,addr_2498
2499,0,25,dev_2499,addr_2499
2500,0,35,dev_2500,addr_2500
2501,0,40,dev_2501,addr_2501
2502,0,13,dev_2502,addr_2502
2503,0,12,dev_2503,addr_2503
2504,0,48,dev_2504,addr_2504
2505,0,8,dev_2505,addr_2505
2506,0,34,dev_2506,addr_2506
2507,0,38,dev_2507,addr_2507
2508,0,17,dev_2508,addr_2508
2509,0,43,dev_2509,addr_2509
2510,0,6,dev_2510,addr_2510
2511,0,24,dev_2511,addr_2511
2512,0,41,dev_2512,addr_2512
2513,0,57,dev_2513,addr_2513
2514,0,43,dev_2514,addr_2514
2515,0,9,dev_2515,addr_2515
2516,0,36,dev_2516,addr_2516
2517,0,19,dev_2517,addr_2517
2518,0,54,dev_2518,addr_2518
2519,0,42,dev_2519,addr_2519
2520,0,25,dev_2520,addr_2520
2521,0,5,dev_2521,addr_2521
2522,0,54,dev_2522,addr_2522
2523,0,51,dev_2523,addr_2523
2524,0,29,dev_2524,addr_2524
2525,0,54,dev_2525,addr_2525
2526,0,47,dev_2526,addr_2526
2527,0,45,dev_2527,addr_2527
2528,0,43,dev_2528,addr_2528
2529,0,17,dev_2529,addr_2529
2530,0,23,dev_2530,addr_2530
2531,0,50,dev_2531,addr_2531
2532,0,24,dev_2532,addr_2532
2533,0,11,dev_2533,addr_2533
2534,0,42,dev_2534,addr_2534
2535,0,13,dev_2535,addr_2535
2536,0,50,dev_2536,addr_2536
2537,0,13,dev_2537,addr_2537
2538,0,19,dev_2538,addr_2538
2539,0,24,dev_2539,addr_2539
2540,0,8,dev_2540,addr_2540
2541,0,8,dev_2541,addr_2541
2542,0,9,dev_2542,addr_2542
2543,0,6,dev_2543,addr_2543
2544,0,13,dev_2544,addr_2544
2545,0,27,dev_2545,addr_2545
2546,0,0,dev_2546,addr_2546
2547,0,33,dev_2547,addr_2547
2548,0,54,dev_2548,addr_2548
2549,0,23,dev_2549,addr_2549
2550,0,49,dev_2550,addr_2550
2551,0,34,dev_2551,addr_2551
2552,0,10,dev_2552,addr_2552
2553,0,17,dev_2553,addr_2553
2554,0,50,dev_2554,addr_2554
2555,0,20,dev_2555,addr_2555
2556,0,18,dev_2556,addr_2556
2557,0,58,dev_2557,addr_2557
2558,0,4,dev_2558,addr_2558
2559,0,47,dev_2559,addr_2559
2560,0,20,dev_2560,addr_2560
2561,0,59,dev_2561,addr_2561
2562,0,50,dev_2562,addr_2562
2563,0,11,dev_2563,addr_2563
2564,0,12,dev_2564,addr_2564
2565,0,22,dev_2565,addr_2565
2566,0,22,dev_2566,addr_2566
2567,0,37,dev_2567,addr_2567
2568,0,41,dev_2568,addr_2568
2569,0,58,dev_2569,addr_2569
2570,0,27,dev_2570,addr_2570
2571,0,36,dev_2571,addr_2571
2572,0,39,dev_2572,addr_2572
2573,0,40,dev_2573,addr_2573
2574,0,29,dev_2574,addr_2574
2575,0,54,dev_2575,addr_2575
2576,0,23,dev_2576,addr_2576
2577,0,34,dev_2577,addr_2577
2578,0,23,dev_2578,addr_2578
2579,0,47,dev_2579,addr_2579
2580,0,53,dev_2580,addr_2580
2581,0,3,dev_2581,addr_2581
2582,0,17,dev_2582,addr_2582
2583,0,47,dev_2583,addr_2583
2584,0,3,dev_2584,addr_2584
2585,0,46,dev_2585,addr_2585
2586,0,5,dev_2586,addr_2586
2587,0,39,dev_2587,addr_2587
2588,0,15,dev_2588,addr_2588
2589,0,52,dev_2589,addr_2589
2590,0,41,dev_2590,addr_2590
2591,0,11,dev_2591,addr_2591
2592,0,13,dev_2592,addr_2592
2593,0,11,dev_2593,addr_2593
2594,0,10,dev_2594,addr_2594
2595,0,9,dev_2595,addr_2595
2596,0,37,dev_2596,addr_2596
2597,0,14,dev_2597,addr_2597
2598,0,49,dev_2598,addr_2598
2599,0,1,dev_2599,addr_2599
2600,0,54,dev_2600,addr_2600
2601,0,19,dev_2601,addr_2601
2602,0,23,dev_2602,addr_2602
2603,0,9,dev_2603,addr_2603
2604,0,18,dev_2604,addr_2604
2605,0,29,dev_2605,addr_2605
2606,0,13,dev_2606,addr_2606
2607,0,13,dev_2607,addr_2607
2608,0,3,dev_2608,addr_2608
2609,0,0,dev_2609,addr_2609
2610,0,27,dev_2610,addr_2610
2611,0,11,dev_2611,addr_2611
2612,0,16,dev_2612,addr_2612
2613,0,33,dev_2613,addr_2613
2614,0,6,dev_2614,addr_2614
2615,0,55,dev_2615,addr_2615
2616,0,33,dev_2616,addr_2616
2617,0,48,dev_2617,addr_2617
2618,0,56,dev_2618,addr_2618
2619,0,44,dev_2619,addr_2619
2620,0,4,dev_2620,addr_2620
2621,0,16,dev_2621,addr_2621
2622,0,31,dev_2622,addr_2622
2623,0,18,dev_2623,addr_2623
2624,0,6,dev_2624,addr_2624
2625,0,43,dev_2625,addr_2625
2626,0,26,dev_2626,addr_2626
2627,0,30,dev_2627,addr_2627
2628,0,39,dev_2628,addr_2628
2629,0,24,dev_2629,addr_2629
2630,0,35,dev_2630,addr_2630
2631,0,50,dev_2631,addr_2631
2632,0,16,dev_2632,addr_2632
2633,0,52,dev_2633,addr_2633
2634,0,10,dev_2634,addr_2634
2635,0,35,dev_2635,addr_2635
2636,0,59,dev_2636,addr_2636
2637,0,20,dev_2637,addr_2637
2638,0,14,dev_2638,addr_2638
2639,0,7,dev_2639,addr_2639
2640,0,51,dev_2640,addr_2640
2641,0,46,dev_2641,addr_2641
2642,0,47,dev_2642,addr_2642
2643,0,24,dev_2643,addr_2643
2644,0,37,dev_2644,addr_2644
2645,0,43,dev_2645,addr_2645
2646,0,4,dev_2646,addr_2646
2647,0,13,dev_2647,addr_2647
2648,0,49,dev_2648,addr_2648
2649,0,10,dev_2649,addr_2649
2650,0,36,dev_2650,addr_2650
2651,0,32,dev_2651,addr_2651
2652,0,59,dev_2652,addr_2652
2653,0,37,dev_2653,addr_2653
2654,0,24,dev_2654,addr_2654
2655,0,39,dev_2655,addr_2655
2656,0,32,dev_2656,addr_2656
2657,0,17,dev_2657,addr_2657
2658,0,14,dev_2658,addr_2658
2659,0,55,dev_2659,addr_2659
2660,0,58,dev_2660,addr_2660
2661,0,23,dev_2661,addr_2661
2662,0,57,dev_2662,addr_2662
2663,0,44,dev_2663,addr_2663
2664,0,58,dev_2664,addr_2664
2665,0,48,dev_2665,addr_2665
2666,0,27,dev_2666,addr_2666
2667,0,39,dev_2667,addr_2667
2668,0,51,dev_2668,addr_2668
2669,0,39,dev_2669,addr_2669
2670,0,31,dev_2670,addr_2670
2671,0,4,dev_2671,addr_2671
2672,0,18,dev_2672,addr_2672
2673,0,47,dev_2673,addr_2673
2674,0,23,dev_2674,addr_2674
2675,0,54,dev_2675,addr_2675
2676,0,59,dev_2676,addr_2676
2677,0,27,dev_2677,addr_2677
2678,0,48,dev_2678,addr_2678
2679,0,34,dev_2679,addr_2679
2680,0,52,dev_2680,addr_2680
2681,0,22,dev_2681,addr_2681
2682,0,36,dev_2682,addr_2682
2683,0,42,dev_2683,addr_2683
2684,0,11,dev_2684,addr_2684
2685,0,15,dev_2685,addr_2685
2686,0,32,dev_2686,addr_2686
2687,0,44,dev_2687,addr_2687
2688,0,29,dev_2688,addr_2688
2689,0,6,dev_2689,addr_2689
2690,0,41,dev_2690,addr_2690
2691,0,14,dev_2691,addr_2691
2692,0,6,dev_2692,addr_2692
2693,0,51,dev_2693,addr_2693
2694,0,11,dev_2694,addr_2694
2695,0,55,dev_2695,addr_2695
2696,0,45,dev_2696,addr_2696
2697,0,15,dev_2697,addr_2697
2698,0,48,dev_2698,addr_2698
2699,0,24,dev_2699,addr_2699
2700,0,28,dev_2700,addr_2700
2701,0,42,dev_2701,addr_2701
2702,0,45,dev_2702,addr_2702
2703,0,17,dev_2703,addr_2703
2704,0,29,dev_2704,addr_2704
2705,0,53,dev_2705,addr_2705
2706,0,10,dev_2706,addr_2706
2707,0,46,dev_2707,addr_2707
2708,0,54,dev_2708,addr_2708
2709,0,30,dev_2709,addr_2709
2710,0,24,dev_2710,addr_2710
2711,0,28,dev_2711,addr_2711
2712,0,44,dev_2712,addr_2712
2713,0,52,dev_2713,addr_2713
2714,0,46,dev_2714,addr_2714
2715,0,58,dev_2715,addr_2715
2716,0,15,dev_2716,addr_2716
2717,0,1,dev_2717,addr_2717
2718,0,38,dev_2718,addr_2718
2719,0,0,dev_2719,addr_2719
2720,0,32,dev_2720,addr_2720
2721,0,28,dev_2721,addr_2721
2722,0,28,dev_2722,addr_2722
2723,0,16,dev_2723,addr_2723
2724,0,6,dev_2724,addr_2724
2725,0,5,dev_2725,addr_2725
2726,0,17,dev_2726,addr_2726
2727,0,36,dev_2727,addr_2727
2728,0,35,dev_2728,addr_2728
2729,0,24,dev_2729,addr_2729
2730,0,44,dev_2730,addr_2730
2731,0,52,dev_2731,addr_2731
2732,0,25,dev_2732,addr_2732
2733,0,59,dev_2733,addr_2733
2734,0,41,dev_2734,addr_2734
2735,0,30,dev_2735,addr_2735
2736,0,25,dev_2736,addr_2736
2737,0,3,dev_2737,addr_2737
2738,0,52,dev_2738,addr_2738
2739,0,44,dev_2739,addr_2739
2740,0,16,dev_2740,addr_2740
2741,0,44,dev_2741,addr_2741
2742,0,32,dev_2742,addr_2742
2743,0,45,dev_2743,addr_2743
2744,0,35,dev_2744,addr_2744
2745,0,55,dev_2745,addr_2745
2746,0,23,dev_2746,addr_2746
2747,0,40,dev_2747,addr_2747
2748,0,36,dev_2748,addr_2748
2749,0,34,dev_2749,addr_2749
2750,0,15,dev_2750,addr_2750
2751,0,52,dev_2751,addr_2751
2752,0,21,dev_2752,addr_2752
2753,0,52,dev_2753,addr_2753
2754,0,15,dev_2754,addr_2754
2755,0,17,dev_2755,addr_2755
2756,0,59,dev_2756,addr_2756
2757,0,58,dev_2757,addr_2757
2758,0,7,dev_2758,addr_2758
2759,0,2,dev_2759,addr_2759
2760,0,33,dev_2760,addr_2760
2761,0,27,dev_2761,addr_2761
2762,0,14,dev_2762,addr_2762
2763,0,47,dev_2763,addr_2763
2764,0,3,dev_2764,addr_2764
2765,0,32,dev_2765,addr_2765
2766,0,6,dev_2766,addr_2766
2767,0,46,dev_2767,addr_2767
2768,0,27,dev_2768,addr_2768
2769,0,53,dev_2769,addr_2769
2770,0,32,dev_2770,addr_2770
2771,0,33,dev_2771,addr_2771
2772,0,5,dev_2772,addr_2772
2773,0,53,dev_2773,addr_2773
2774,0,50,dev_2774,addr_2774
2775,0,30,dev_2775,addr_2775
2776,0,15,dev_2776,addr_2776
2777,0,49,dev_2777,addr_2777
2778,0,14,dev_2778,addr_2778
2779,0,26,dev_2779,addr_2779
2780,0,8,dev_2780,addr_2780
2781,0,3,dev_2781,addr_2781
2782,0,45,dev_2782,addr_2782
2783,0,48,dev_2783,addr_2783
2784,0,48,dev_2784,addr_2784
2785,0,56,dev_2785,addr_2785
2786,0,56,dev_2786,addr_2786
2787,0,2,dev_2787,addr_2787
2788,0,57,dev_2788,addr_2788
2789,0,0,dev_2789,addr_2789
2790,0,58,dev_2790,addr_2790
2791,0,19,dev_2791,addr_2791
2792,0,1,dev_2792,addr_2792
2793,0,40,dev_2793,addr_2793
2794,0,43,dev_2794,addr_2794
2795,0,18,dev_2795,addr_2795
2796,0,53,dev_2796,addr_2796
2797,0,50,dev_2797,addr_2797
2798,0,36,dev_2798,addr_2798
2799,0,20,dev_2799,addr_2799
2800,0,5,dev_2800,addr_2800
2801,0,58,dev_2801,addr_2801
2802,0,15,dev_2802,addr_2802
2803,0,2,dev_2803,addr_2803
2804,0,36,dev_2804,addr_2804
2805,0,54,dev_2805,addr_2805
2806,0,25,dev_2806,addr_2806
2807,0,36,dev_2807,addr_2807
2808,0,51,dev_2808,addr_2808
2809,0,32,dev_2809,addr_2809
2810,0,47,dev_2810,addr_2810
2811,0,40,dev_2811,addr_2811
2812,0,57,dev_2812,addr_2812
2813,0,31,dev_2813,addr_2813
2814,0,24,dev_2814,addr_2814
2815,0,44,dev_2815,addr_2815
2816,0,25,dev_2816,addr_2816
2817,0,47,dev_2817,addr_2817
2818,0,30,dev_2818,addr_2818
2819,0,11,dev_2819,addr_2819
2820,0,14,dev_2820,addr_2820
2821,0,52,dev_2821,addr_2821
2822,0,43,dev_2822,addr_2822
2823,0,43,dev_2823,addr_2823
2824,0,24,dev_2824,addr_2824
2825,0,16,dev_2825,addr_2825
2826,0,38,dev_2826,addr_2826
2827,0,8,dev_2827,addr_2827
2828,0,46,dev_2828,addr_2828
2829,0,57,dev_2829,addr_2829
2830,0,47,dev_2830,addr_2830
2831,0,6,dev_2831,addr_2831
2832,0,18,dev_2832,addr_2832
2833,0,7,dev_2833,addr_2833
2834,0,26,dev_2834,addr_2834
2835,0,32,dev_2835,addr_2835
2836,0,44,dev_2836,addr_2836
2837,0,44,dev_2837,addr_2837
2838,0,25,dev_2838,addr_2838
2839,0,55,dev_2839,addr_2839
2840,0,52,dev_2840,addr_2840
2841,0,20,dev_2841,addr_2841
2842,0,31,dev_2842,addr_2842
2843,0,0,dev_2843,addr_2843
2844,0,40,dev_2844,addr_2844
2845,0,33,dev_2845,addr_2845
2846,0,24,dev_2846,addr_2846
2847,0,46,dev_2847,addr_2847
2848,0,22,dev_2848,addr_2848
2849,0,45,dev_2849,addr_2849
2850,0,13,dev_2850,addr_2850
2851,0,56,dev_2851,addr_2851
2852,0,58,dev_2852,addr_2852
2853,0,27,dev_2853,addr_2853
2854,0,34,dev_2854,addr_2854
2855,0,54,dev_2855,addr_2855
2856,0,23,dev_2856,addr_2856
2857,0,42,dev_2857,addr_2857
2858,0,4,dev_2858,addr_2858
2859,0,14,dev_2859,addr_2859
2860,0,17,dev_2860,addr_2860
2861,0,25,dev_2861,addr_2861
2862,0,12,dev_2862,addr_2862
2863,0,8,dev_2863,addr_2863
2864,0,53,dev_2864,addr_2864
2865,0,53,dev_2865,addr_2865
2866,0,30,dev_2866,addr_2866
2867,0,51,dev_2867,addr_2867
2868,0,30,dev_2868,addr_2868
2869,0,31,dev_2869,addr_2869
2870,0,24,dev_2870,addr_2870
2871,0,51,dev_2871,addr_2871
2872,0,31,dev_2872,addr_2872
2873,0,26,dev_2873,addr_2873
2874,0,48,dev_2874,addr_2874
2875,0,40,dev_2875,addr_2875
2876,0,31,dev_2876,addr_2876
2877,0,52,dev_2877,addr_2877
2878,0,28,dev_2878,addr_2878
2879,0,6,dev_2879,addr_2879
2880,0,31,dev_2880,addr_2880
2881,0,42,dev_2881,addr_2881
2882,0,0,dev_2882,addr_2882
2883,0,24,dev_2883,addr_2883
2884,0,10,dev_2884,addr_2884
2885,0,26,dev_2885,addr_2885
2886,0,29,dev_2886,addr_2886
2887,0,29,dev_2887,addr_2887
2888,0,58,dev_2888,addr_2888
2889,0,57,dev_2889,addr_2889
2890,0,50,dev_2890,addr_2890
2891,0,12,dev_2891,addr_2891
2892,0,17,dev_2892,addr_2892
2893,0,16,dev_2893,addr_2893
2894,0,13,dev_2894,addr_2894
2895,0,29,dev_2895,addr_2895
2896,0,42,dev_2896,addr_2896
2897,0,39,dev_2897,addr_2897
2898,0,16,dev_2898,addr_2898
2899,0,33,dev_2899,addr_2899
2900,0,5,dev_2900,addr_2900
2901,0,16,dev_2901,addr_2901
2902,0,43,dev_2902,addr_2902
2903,0,4,dev_2903,addr_2903
2904,0,11,dev_2904,addr_2904
2905,0,0,dev_2905,addr_2905
2906,0,37,dev_2906,addr_2906
2907,0,41,dev_2907,addr_2907
2908,0,40,dev_2908,addr_2908
2909,0,48,dev_2909,addr_2909
2910,0,53,dev_2910,addr_2910
2911,0,23,dev_2911,addr_2911
2912,0,50,dev_2912,addr_2912
2913,0,10,dev_2913,addr_2913
2914,0,9,dev_2914,addr_2914
2915,0,29,dev_2915,addr_2915
2916,0,7,dev_2916,addr_2916
2917,0,41,dev_2917,addr_2917
2918,0,7,dev_2918,addr_2918
2919,0,13,dev_2919,addr_2919
2920,0,45,dev_2920,addr_2920
2921,0,50,dev_2921,addr_2921
2922,0,31,dev_2922,addr_2922
2923,0,6,dev_2923,addr_2923
2924,0,51,dev_2924,addr_2924
2925,0,33,dev_2925,addr_2925
2926,0,19,dev_2926,addr_2926
2927,0,13,dev_2927,addr_2927
2928,0,29,dev_2928,addr_2928
2929,0,7,dev_2929,addr_2929
2930,0,40,dev_2930,addr_2930
2931,0,17,dev_2931,addr_2931
2932,0,5,dev_2932,addr_2932
2933,0,31,dev_2933,addr_2933
2934,0,11,dev_2934,addr_2934
2935,0,50,dev_2935,addr_2935
2936,0,15,dev_2936,addr_2936
2937,0,23,dev_2937,addr_2937
2938,0,21,dev_2938,addr_2938
2939,0,22,dev_2939,addr_2939
2940,0,27,dev_2940,addr_2940
2941,0,39,dev_2941,addr_2941
2942,0,23,dev_2942,addr_2942
2943,0,39,dev_2943,addr_2943
2944,0,2,dev_2944,addr_2944
2945,0,4,dev_2945,addr_2945
2946,0,25,dev_2946,addr_2946
2947,0,13,dev_2947,addr_2947
2948,0,50,dev_2948,addr_2948
2949,0,50,dev_2949,addr_2949
2950,0,17,dev_2950,addr_2950
2951,0,36,dev_2951,addr_2951
2952,0,37,dev_2952,addr_2952
2953,0,40,dev_2953,addr_2953
2954,0,53,dev_2954,addr_2954
2955,0,11,dev_2955,addr_2955
2956,0,56,dev_2956,addr_2956
2957,0,43,dev_2957,addr_2957
2958,0,6,dev_2958,addr_2958
2959,0,21,dev_2959,addr_2959
2960,0,15,dev_2960,addr_2960
2961,0,45,dev_2961,addr_2961
2962,0,6,dev_2962,addr_2962
2963,0,38,dev_2963,addr_2963
2964,0,30,dev_2964,addr_2964
2965,0,25,dev_2965,addr_2965
2966,0,38,dev_2966,addr_2966
2967,0,25,dev_2967,addr_2967
2968,0,49,dev_2968,addr_2968
2969,0,7,dev_2969,addr_2969
2970,0,13,dev_2970,addr_2970
2971,0,22,dev_2971,addr_2971
2972,0,20,dev_2972,addr_2972
2973,0,1,dev_2973,addr_2973
2974,0,47,dev_2974,addr_2974
2975,0,54,dev_2975,addr_2975
2976,0,48,dev_2976,addr_2976
2977,0,9,dev_2977,addr_2977
2978,0,8,dev_2978,addr_2978
2979,0,58,dev_2979,addr_2979
2980,0,19,dev_2980,addr_2980
2981,0,8,dev_2981,addr_2981
2982,0,34,dev_2982,addr_2982
2983,0,58,dev_2983,addr_2983
2984,0,14,dev_2984,addr_2984
2985,0,32,dev_2985,addr_2985
2986,0,59,dev_2986,addr_2986
2987,0,8,dev_2987,addr_2987
2988,0,50,dev_2988,addr_2988
2989,0,6,dev_2989,addr_2989
2990,0,12,dev_2990,addr_2990
2991,0,29,dev_2991,addr_2991
2992,0,44,dev_2992,addr_2992
2993,0,44,dev_2993,addr_2993
2994,0,5,dev_2994,addr_2994
2995,0,47,dev_2995,addr_2995
2996,0,35,dev_2996,addr_2996
2997,0,44,dev_2997,addr_2997
2998,0,28,dev_2998,addr_2998
2999,0,40,dev_2999,addr_2999
3000,1,31,dev_ring_loud_0,addr_ring_loud_0
3001,1,34,dev_ring_loud_0,addr_ring_loud_0
3002,1,4,dev_ring_loud_0,addr_ring_loud_0
3003,1,9,dev_ring_loud_0,addr_ring_loud_0
3004,1,32,dev_ring_loud_1,addr_ring_loud_1
3005,1,5,dev_ring_loud_1,addr_ring_loud_1
3006,1,33,dev_ring_loud_1,addr_ring_loud_1
3007,1,35,dev_ring_loud_1,addr_ring_loud_1
3008,1,23,dev_ring_loud_2,addr_ring_loud_2
3009,1,23,dev_ring_loud_2,addr_ring_loud_2
3010,1,26,dev_ring_loud_2,addr_ring_loud_2
3011,1,28,dev_ring_loud_2,addr_ring_loud_2
3012,1,2,dev_ring_loud_3,addr_ring_loud_3
3013,1,34,dev_ring_loud_3,addr_ring_loud_3
3014,1,6,dev_ring_loud_3,addr_ring_loud_3
3015,1,31,dev_ring_loud_3,addr_ring_loud_3
3016,1,35,dev_ring_loud_4,addr_ring_loud_4
3017,1,2,dev_ring_loud_4,addr_ring_loud_4
3018,1,9,dev_ring_loud_4,addr_ring_loud_4
3019,1,23,dev_ring_loud_4,addr_ring_loud_4
3020,1,16,dev_ring_loud_5,addr_ring_loud_5
3021,1,28,dev_ring_loud_5,addr_ring_loud_5
3022,1,26,dev_ring_loud_5,addr_ring_loud_5
3023,1,2,dev_ring_loud_5,addr_ring_loud_5
3024,1,25,dev_ring_loud_6,addr_ring_loud_6
3025,1,1,dev_ring_loud_6,addr_ring_loud_6
3026,1,35,dev_ring_loud_6,addr_ring_loud_6
3027,1,23,dev_ring_loud_6,addr_ring_loud_6
3028,1,6,dev_ring_loud_7,addr_ring_loud_7
3029,1,22,dev_ring_loud_7,addr_ring_loud_7
3030,1,24,dev_ring_loud_7,addr_ring_loud_7
3031,1,36,dev_ring_loud_7,addr_ring_loud_7
3032,1,38,dev_ring_loud_8,addr_ring_loud_8
3033,1,7,dev_ring_loud_8,addr_ring_loud_8
3034,1,16,dev_ring_loud_8,addr_ring_loud_8
3035,1,25,dev_ring_loud_8,addr_ring_loud_8
3036,1,0,dev_ring_loud_9,addr_ring_loud_9
3037,1,14,dev_ring_loud_9,addr_ring_loud_9
3038,1,29,dev_ring_loud_9,addr_ring_loud_9
3039,1,39,dev_ring_loud_9,addr_ring_loud_9
3040,1,32,dev_ring_loud_10,addr_ring_loud_10
3041,1,31,dev_ring_loud_10,addr_ring_loud_10
3042,1,7,dev_ring_loud_10,addr_ring_loud_10
3043,1,0,dev_ring_loud_10,addr_ring_loud_10
3044,1,17,dev_ring_loud_11,addr_ring_loud_11
3045,1,31,dev_ring_loud_11,addr_ring_loud_11
3046,1,24,dev_ring_loud_11,addr_ring_loud_11
3047,1,8,dev_ring_loud_11,addr_ring_loud_11
3048,1,6,dev_ring_loud_12,addr_ring_loud_12
3049,1,22,dev_ring_loud_12,addr_ring_loud_12
3050,1,12,dev_ring_loud_12,addr_ring_loud_12
3051,1,26,dev_ring_loud_12,addr_ring_loud_12
3052,1,36,dev_ring_loud_13,addr_ring_loud_13
3053,1,25,dev_ring_loud_13,addr_ring_loud_13
3054,1,20,dev_ring_loud_13,addr_ring_loud_13
3055,1,29,dev_ring_loud_13,addr_ring_loud_13
3056,1,5,dev_ring_loud_14,addr_ring_loud_14
3057,1,32,dev_ring_loud_14,addr_ring_loud_14
3058,1,6,dev_ring_loud_14,addr_ring_loud_14
3059,1,3,dev_ring_loud_14,addr_ring_loud_14
3060,1,10,dev_ring_loud_15,addr_ring_loud_15
3061,1,39,dev_ring_loud_15,addr_ring_loud_15
3062,1,20,dev_ring_loud_15,addr_ring_loud_15
3063,1,39,dev_ring_loud_15,addr_ring_loud_15
3064,1,2,dev_ring_loud_16,addr_ring_loud_16
3065,1,20,dev_ring_loud_16,addr_ring_loud_16
3066,1,32,dev_ring_loud_16,addr_ring_loud_16
3067,1,5,dev_ring_loud_16,addr_ring_loud_16
3068,1,7,dev_ring_loud_17,addr_ring_loud_17
3069,1,15,dev_ring_loud_17,addr_ring_loud_17
3070,1,26,dev_ring_loud_17,addr_ring_loud_17
3071,1,13,dev_ring_loud_17,addr_ring_loud_17
3072,1,0,dev_ring_loud_18,addr_ring_loud_18
3073,1,13,dev_ring_loud_18,addr_ring_loud_18
3074,1,33,dev_ring_loud_18,addr_ring_loud_18
3075,1,39,dev_ring_loud_18,addr_ring_loud_18
3076,1,16,dev_ring_loud_19,addr_ring_loud_19
3077,1,36,dev_ring_loud_19,addr_ring_loud_19
3078,1,3,dev_ring_loud_19,addr_ring_loud_19
3079,1,2,dev_ring_loud_19,addr_ring_loud_19
3080,1,29,dev_ring_stealth_0,addr_ring_stealth_0
3081,1,12,dev_ring_stealth_0,addr_ring_stealth_0
3082,1,21,dev_ring_stealth_0,addr_ring_stealth_0
3083,1,13,dev_ring_stealth_0,addr_ring_stealth_0
3084,1,9,dev_ring_stealth_1,addr_ring_stealth_1
3085,1,24,dev_ring_stealth_1,addr_ring_stealth_1
3086,1,35,dev_ring_stealth_1,addr_ring_stealth_1
3087,1,2,dev_ring_stealth_1,addr_ring_stealth_1
3088,1,29,dev_ring_stealth_2,addr_ring_stealth_2
3089,1,27,dev_ring_stealth_2,addr_ring_stealth_2
3090,1,24,dev_ring_stealth_2,addr_ring_stealth_2
3091,1,9,dev_ring_stealth_2,addr_ring_stealth_2
3092,1,11,dev_ring_stealth_3,addr_ring_stealth_3
3093,1,17,dev_ring_stealth_3,addr_ring_stealth_3
3094,1,36,dev_ring_stealth_3,addr_ring_stealth_3
3095,1,7,dev_ring_stealth_3,addr_ring_stealth_3
3096,1,19,dev_ring_stealth_4,addr_ring_stealth_4
3097,1,23,dev_ring_stealth_4,addr_ring_stealth_4
3098,1,18,dev_ring_stealth_4,addr_ring_stealth_4
3099,1,25,dev_ring_stealth_4,addr_ring_stealth_4
3100,1,0,dev_ring_stealth_5,addr_ring_stealth_5
3101,1,27,dev_ring_stealth_5,addr_ring_stealth_5
3102,1,25,dev_ring_stealth_5,addr_ring_stealth_5
3103,1,26,dev_ring_stealth_5,addr_ring_stealth_5
3104,1,4,dev_ring_stealth_6,addr_ring_stealth_6
3105,1,8,dev_ring_stealth_6,addr_ring_stealth_6
3106,1,25,dev_ring_stealth_6,addr_ring_stealth_6
3107,1,16,dev_ring_stealth_6,addr_ring_stealth_6
3108,1,26,dev_ring_stealth_7,addr_ring_stealth_7
3109,1,14,dev_ring_stealth_7,addr_ring_stealth_7
3110,1,33,dev_ring_stealth_7,addr_ring_stealth_7
3111,1,33,dev_ring_stealth_7,addr_ring_stealth_7
3112,1,9,dev_ring_stealth_8,addr_ring_stealth_8
3113,1,37,dev_ring_stealth_8,addr_ring_stealth_8
3114,1,33,dev_ring_stealth_8,addr_ring_stealth_8
3115,1,4,dev_ring_stealth_8,addr_ring_stealth_8
3116,1,3,dev_ring_stealth_9,addr_ring_stealth_9
3117,1,21,dev_ring_stealth_9,addr_ring_stealth_9
3118,1,32,dev_ring_stealth_9,addr_ring_stealth_9
3119,1,13,dev_ring_stealth_9,addr_ring_stealth_9
3120,1,19,dev_ring_stealth_10,addr_ring_stealth_10
3121,1,7,dev_ring_stealth_10,addr_ring_stealth_10
3122,1,9,dev_ring_stealth_10,addr_ring_stealth_10
3123,1,2,dev_ring_stealth_10,addr_ring_stealth_10
3124,1,11,dev_ring_stealth_11,addr_ring_stealth_11
3125,1,37,dev_ring_stealth_11,addr_ring_stealth_11
3126,1,39,dev_ring_stealth_11,addr_ring_stealth_11
3127,1,1,dev_ring_stealth_11,addr_ring_stealth_11
3128,1,34,dev_ring_stealth_12,addr_ring_stealth_12
3129,1,37,dev_ring_stealth_12,addr_ring_stealth_12
3130,1,28,dev_ring_stealth_12,addr_ring_stealth_12
3131,1,39,dev_ring_stealth_12,addr_ring_stealth_12
3132,1,19,dev_ring_stealth_13,addr_ring_stealth_13
3133,1,38,dev_ring_stealth_13,addr_ring_stealth_13
3134,1,16,dev_ring_stealth_13,addr_ring_stealth_13
3135,1,32,dev_ring_stealth_13,addr_ring_stealth_13
3136,1,16,dev_ring_stealth_14,addr_ring_stealth_14
3137,1,31,dev_ring_stealth_14,addr_ring_stealth_14
3138,1,11,dev_ring_stealth_14,addr_ring_stealth_14
3139,1,36,dev_ring_stealth_14,addr_ring_stealth_14
3140,1,13,dev_ring_stealth_15,addr_ring_stealth_15
3141,1,5,dev_ring_stealth_15,addr_ring_stealth_15
3142,1,35,dev_ring_stealth_15,addr_ring_stealth_15
3143,1,15,dev_ring_stealth_15,addr_ring_stealth_15
3144,1,33,dev_ring_stealth_16,addr_ring_stealth_16
3145,1,36,dev_ring_stealth_16,addr_ring_stealth_16
3146,1,38,dev_ring_stealth_16,addr_ring_stealth_16
3147,1,24,dev_ring_stealth_16,addr_ring_stealth_16
3148,1,33,dev_ring_stealth_17,addr_ring_stealth_17
3149,1,35,dev_ring_stealth_17,addr_ring_stealth_17
3150,1,14,dev_ring_stealth_17,addr_ring_stealth_17
3151,1,30,dev_ring_stealth_17,addr_ring_stealth_17
3152,1,15,dev_ring_stealth_18,addr_ring_stealth_18
3153,1,4,dev_ring_stealth_18,addr_ring_stealth_18
3154,1,30,dev_ring_stealth_18,addr_ring_stealth_18
3155,1,39,dev_ring_stealth_18,addr_ring_stealth_18
3156,1,7,dev_ring_stealth_19,addr_ring_stealth_19
3157,1,29,dev_ring_stealth_19,addr_ring_stealth_19
3158,1,1,dev_ring_stealth_19,addr_ring_stealth_19
3159,1,29,dev_ring_stealth_19,addr_ring_stealth_19
3160,1,12,dev_ring_stealth_20,addr_ring_stealth_20
3161,1,29,dev_ring_stealth_20,addr_ring_stealth_20
3162,1,29,dev_ring_stealth_20,addr_ring_stealth_20
3163,1,4,dev_ring_stealth_20,addr_ring_stealth_20
3164,1,7,dev_ring_stealth_21,addr_ring_stealth_21
3165,1,22,dev_ring_stealth_21,addr_ring_stealth_21
3166,1,19,dev_ring_stealth_21,addr_ring_stealth_21
3167,1,33,dev_ring_stealth_21,addr_ring_stealth_21
3168,1,21,dev_ring_stealth_22,addr_ring_stealth_22
3169,1,10,dev_ring_stealth_22,addr_ring_stealth_22
3170,1,16,dev_ring_stealth_22,addr_ring_stealth_22
3171,1,10,dev_ring_stealth_22,addr_ring_stealth_22
3172,1,14,dev_ring_stealth_23,addr_ring_stealth_23
3173,1,4,dev_ring_stealth_23,addr_ring_stealth_23
3174,1,34,dev_ring_stealth_23,addr_ring_stealth_23
3175,1,3,dev_ring_stealth_23,addr_ring_stealth_23
3176,1,1,dev_ring_stealth_24,addr_ring_stealth_24
3177,1,27,dev_ring_stealth_24,addr_ring_stealth_24
3178,1,33,dev_ring_stealth_24,addr_ring_stealth_24
3179,1,17,dev_ring_stealth_24,addr_ring_stealth_24
